NAMES,PRICES,RATINGS,IMAGES
"Samsung Galaxy A35 5G (Awesome Iceblue, 256 GB)","₹19,999",4.4,https://rukminim2.flixcart.com/image/312/312/xif0q/mobile/o/j/d/-original-imahgy25zuwqzzye.jpeg?q=70
"Samsung Galaxy A35 5G (Awesome Lilac, 128 GB)","₹17,999",4.4,https://rukminim2.flixcart.com/image/312/312/xif0q/mobile/2/s/8/-original-imahgy26fu3z2hez.jpeg?q=70
"IQOO Z10X 5G (Ultramarine, 128 GB)","₹13,190",4.4,https://rukminim2.flixcart.com/image/312/312/xif0q/mobile/s/u/8/z10x-5g-i2404-iqoo-original-imahbngms6vtzc9d.jpeg?q=70
"IQOO Z10X 5G (Titanium, 128 GB)","₹13,470",4.4,https://rukminim2.flixcart.com/image/312/312/xif0q/mobile/7/l/0/z10x-5g-i2404-iqoo-original-imahbngzhft7qyux.jpeg?q=70
"realme P4 Pro 5G (Birch Wood, 128 GB)","₹22,999",4.4,https://rukminim2.flixcart.com/image/312/312/xif0q/mobile/q/b/o/-original-imahfghxxmadhjm4.jpeg?q=70
"Samsung Galaxy A35 5G (Awesome Navy, 256 GB)","₹19,999",4.4,https://rukminim2.flixcart.com/image/312/312/xif0q/mobile/0/7/s/-original-imahgy26hqbqjfgb.jpeg?q=70
"realme C61 (Marble Black, 64 GB)","₹5,549",4.4,https://rukminim2.flixcart.com/image/312/312/xif0q/mobile/x/v/z/-original-imah28xpzzwz4fwg.jpeg?q=70
"IQOO Z10R 5G (Moonstone, 256 GB)","₹20,463",4.3,https://rukminim2.flixcart.com/image/312/312/xif0q/mobile/l/x/b/z10r-5g-i2410-iqoo-original-imahehzhggkg3p5j.jpeg?q=70
"IQOO Z10 Lite 5G (Titanium Blue, 128 GB)","₹9,948",4.2,https://rukminim2.flixcart.com/image/312/312/xif0q/mobile/u/e/j/z10-lite-5g-d2025a-iqoo-original-imahdgdjdvrhfy4r.jpeg?q=70
"realme C61 (Safari Green, 64 GB)","₹5,549",4.4,https://rukminim2.flixcart.com/image/312/312/xif0q/mobile/j/e/d/c61-rmx3933-realme-original-imah28xeqdygzshc.jpeg?q=70
"Samsung Galaxy A35 5G (Awesome Iceblue, 128 GB)","₹17,999",4.4,https://rukminim2.flixcart.com/image/312/312/xif0q/mobile/o/j/d/-original-imahgy25zuwqzzye.jpeg?q=70
"Samsung Galaxy A35 5G (Awesome Navy, 128 GB)","₹17,999",4.4,https://rukminim2.flixcart.com/image/312/312/xif0q/mobile/0/7/s/-original-imahgy26hqbqjfgb.jpeg?q=70
"POCO M7 5G (Mint Green, 128 GB)","₹9,499",4.2,https://rukminim2.flixcart.com/image/312/312/xif0q/mobile/r/w/0/-original-imah9wydggh9mtxt.jpeg?q=70
"Ai+ Pulse (Black, 64 GB)","₹4,999",4.3,https://rukminim2.flixcart.com/image/312/312/xif0q/mobile/4/b/p/-original-imahgzhpc8abrthu.jpeg?q=70
"IQOO Z10R 5G (Aquamarine, 256 GB)","₹20,900",4.3,https://rukminim2.flixcart.com/image/312/312/xif0q/mobile/x/k/r/z10r-5g-i2410-iqoo-original-imahehzhhxvc9xgw.jpeg?q=70
"IQOO Z10X 5G (Titanium, 128 GB)","₹14,405",4.3,https://rukminim2.flixcart.com/image/312/312/xif0q/mobile/u/a/s/z10x-5g-i2404-iqoo-original-imahbngjtvv57yhf.jpeg?q=70
"Samsung Galaxy A35 5G (Awesome Lilac, 256 GB)","₹19,999",4.4,https://rukminim2.flixcart.com/image/312/312/xif0q/mobile/2/s/8/-original-imahgy26fu3z2hez.jpeg?q=70
"REDMI Note 14 SE 5G (Crimson Art, 128 GB)","₹12,999",4.3,https://rukminim2.flixcart.com/image/312/312/xif0q/mobile/z/t/l/-original-imahg2z9zy2ea2py.jpeg?q=70
"IQOO Z10X 5G (Ultramarine, 256 GB)","₹16,599",4.3,https://rukminim2.flixcart.com/image/312/312/xif0q/mobile/s/u/8/z10x-5g-i2404-iqoo-original-imahbngms6vtzc9d.jpeg?q=70
"Ai+ Pulse (Blue, 64 GB)","₹4,999",4.3,https://rukminim2.flixcart.com/image/312/312/xif0q/mobile/z/h/v/-original-imahgzhp9vgvyfkg.jpeg?q=70
"POCO C71 (Cool Blue, 128 GB)","₹6,799",4.1,https://rukminim2.flixcart.com/image/312/312/xif0q/mobile/r/5/z/-original-imahawgarmg5f8ff.jpeg?q=70
"POCO C71 (Desert Gold, 64 GB)","₹6,199",3.9,https://rukminim2.flixcart.com/image/312/312/xif0q/mobile/q/m/u/-original-imahgbazejg7ry6m.jpeg?q=70
"POCO C75 5G (Enchanted Green, 64 GB)","₹7,299",4.2,https://rukminim2.flixcart.com/image/312/312/xif0q/mobile/y/v/f/-original-imahbr2cmpwexghw.jpeg?q=70
"POCO M7 5G (Mint Green, 128 GB)","₹8,499",4.1,https://rukminim2.flixcart.com/image/312/312/xif0q/mobile/r/w/0/-original-imah9wydggh9mtxt.jpeg?q=70
"vivo T4x 5G (Pronto Purple, 128 GB)","₹14,499",4.4,https://rukminim2.flixcart.com/image/312/312/xif0q/mobile/j/t/v/-original-imahavdv28z4nrkn.jpeg?q=70
"realme P3x 5G (Midnight Blue, 128 GB)","₹10,249",4.4,https://rukminim2.flixcart.com/image/312/312/xif0q/mobile/j/n/1/-original-imah9gtmya9qhqse.jpeg?q=70
"Samsung Galaxy A35 5G (Awesome Iceblue, 256 GB)","₹19,999",4.4,https://rukminim2.flixcart.com/image/312/312/xif0q/mobile/o/j/d/-original-imahgy25zuwqzzye.jpeg?q=70
"Samsung Galaxy A35 5G (Awesome Lilac, 128 GB)","₹17,999",4.4,https://rukminim2.flixcart.com/image/312/312/xif0q/mobile/2/s/8/-original-imahgy26fu3z2hez.jpeg?q=70
"OPPO K13x 5G 6000mAh and 45W SUPERVOOC Charger & AI (Breeze Blue, 128 GB)","₹12,999",4.5,https://rukminim2.flixcart.com/image/312/312/xif0q/mobile/6/a/9/-original-imahfw4vxaqmcsjp.jpeg?q=70
"vivo T4x 5G (Marine Blue, 128 GB)","₹14,499",4.4,https://rukminim2.flixcart.com/image/312/312/xif0q/mobile/m/n/v/-original-imahavdveeghweea.jpeg?q=70
"realme P4 Pro 5G (Birch Wood, 128 GB)","₹22,999",4.4,https://rukminim2.flixcart.com/image/312/312/xif0q/mobile/q/b/o/-original-imahfghxxmadhjm4.jpeg?q=70
"Samsung Galaxy A35 5G (Awesome Navy, 256 GB)","₹19,999",4.4,https://rukminim2.flixcart.com/image/312/312/xif0q/mobile/0/7/s/-original-imahgy26hqbqjfgb.jpeg?q=70
"Samsung Galaxy F06 5G (Bahama Blue, 128 GB)","₹7,999",4.1,https://rukminim2.flixcart.com/image/312/312/xif0q/mobile/v/o/d/-original-imahfvrmfkwybeyc.jpeg?q=70
"realme P4 Pro 5G (Midnight Ivy, 256 GB)","₹24,999",4.4,https://rukminim2.flixcart.com/image/312/312/xif0q/mobile/y/f/0/-original-imahfghxnhsjpk3a.jpeg?q=70
"MOTOROLA Edge 60 Fusion 5G (PANTONE Slipstream, 256 GB)","₹19,999",4.4,https://rukminim2.flixcart.com/image/312/312/xif0q/mobile/i/z/x/-original-imahgqnzzgfbyevh.jpeg?q=70
"vivo T4R 5G (Twilight Blue, 128 GB)","₹19,499",4.5,https://rukminim2.flixcart.com/image/312/312/xif0q/mobile/2/3/i/-original-imahfkvffkd4qhma.jpeg?q=70
"Samsung Galaxy A35 5G (Awesome Iceblue, 128 GB)","₹17,999",4.4,https://rukminim2.flixcart.com/image/312/312/xif0q/mobile/o/j/d/-original-imahgy25zuwqzzye.jpeg?q=70
"Samsung Galaxy A35 5G (Awesome Navy, 128 GB)","₹17,999",4.4,https://rukminim2.flixcart.com/image/312/312/xif0q/mobile/0/7/s/-original-imahgy26hqbqjfgb.jpeg?q=70
hmd 105 Dual Sim,₹768,3.9,https://rukminim2.flixcart.com/image/312/312/xif0q/mobile/9/p/x/105-dual-sim-ta-1633-hmd-original-imaheff5a6gbjuhr.jpeg?q=70
"POCO M7 Pro 5G (Lunar Dust, 128 GB)","₹11,499",4.3,https://rukminim2.flixcart.com/image/312/312/xif0q/mobile/v/m/x/-original-imah7jspd8dcxfut.jpeg?q=70
"Samsung Galaxy A35 5G (Awesome Lilac, 256 GB)","₹19,999",4.4,https://rukminim2.flixcart.com/image/312/312/xif0q/mobile/2/s/8/-original-imahgy26fu3z2hez.jpeg?q=70
hmd 105 Dual Sim,₹764,3.9,https://rukminim2.flixcart.com/image/312/312/xif0q/mobile/7/0/l/105-dual-sim-ta-1633-hmd-original-imaheff5hyzhhtrp.jpeg?q=70
"IQOO Neo 10 (Inferno Red, 512 GB)","₹41,395",4.6,https://rukminim2.flixcart.com/image/312/312/xif0q/mobile/c/s/r/neo-10-i2405-iqoo-original-imahcgtx6xwxzydz.jpeg?q=70
"POCO X7 5G (Yellow, 128 GB)","₹13,999",4.3,https://rukminim2.flixcart.com/image/312/312/xif0q/mobile/v/r/z/-original-imahbzrquuzcbyv3.jpeg?q=70
"IQOO Z10X 5G (Titanium, 256 GB)","₹17,196",4.3,https://rukminim2.flixcart.com/image/312/312/xif0q/mobile/7/l/0/z10x-5g-i2404-iqoo-original-imahbngzhft7qyux.jpeg?q=70
"POCO M7 5G (Satin Black, 128 GB)","₹8,499",4.1,https://rukminim2.flixcart.com/image/312/312/xif0q/mobile/b/i/3/-original-imah9wydpxgkjtgw.jpeg?q=70
"OPPO K13 5G with 7000mAh and 80W SUPERVOOC Charger In-The-Box (Prism Black, 128 GB)","₹17,999",4.5,https://rukminim2.flixcart.com/image/312/312/xif0q/mobile/y/l/1/-original-imahbfd4cgh53kmh.jpeg?q=70
"POCO C75 5G (Aqua Bliss, 64 GB)","₹7,299",4.2,https://rukminim2.flixcart.com/image/312/312/xif0q/mobile/o/2/g/-original-imahbr2cz5apcwze.jpeg?q=70
"IQOO Neo 10R 5G (MoonKnight Titanium, 256 GB)","₹28,192",4.5,https://rukminim2.flixcart.com/image/312/312/xif0q/mobile/y/q/z/10r-5g-i2221-iqoo-original-imaha7hgqdhpgqvv.jpeg?q=70
"vivo T4x 5G (Marine Blue, 128 GB)","₹13,499",4.4,https://rukminim2.flixcart.com/image/312/312/xif0q/mobile/m/n/v/-original-imahavdveeghweea.jpeg?q=70
"Samsung Galaxy A35 5G (Awesome Iceblue, 256 GB)","₹19,999",4.4,https://rukminim2.flixcart.com/image/312/312/xif0q/mobile/o/j/d/-original-imahgy25zuwqzzye.jpeg?q=70
"Samsung Galaxy A35 5G (Awesome Lilac, 128 GB)","₹17,999",4.4,https://rukminim2.flixcart.com/image/312/312/xif0q/mobile/2/s/8/-original-imahgy26fu3z2hez.jpeg?q=70
"Samsung Galaxy S24 5G Snapdragon (Cobalt Violet, 128 GB)","₹39,999",4.6,https://rukminim2.flixcart.com/image/312/312/xif0q/mobile/a/8/s/-original-imahfz2tvjqak9v3.jpeg?q=70
"Ai+ Pulse (Purple, 64 GB)","₹4,999",4.3,https://rukminim2.flixcart.com/image/312/312/xif0q/mobile/o/4/y/-original-imahgzhpcehgd6xv.jpeg?q=70
"vivo T4x 5G (Glacial Teal, 128 GB)","₹13,499",4.4,https://rukminim2.flixcart.com/image/312/312/xif0q/mobile/n/k/r/-original-imahfhudssrdghcz.jpeg?q=70
"realme P3 Lite 5G Charger in the Box (Midnight Lily, 128 GB)","₹10,499",4.4,https://rukminim2.flixcart.com/image/312/312/xif0q/mobile/a/f/t/-original-imahfsgv98qsukvz.jpeg?q=70
"realme P4 Pro 5G (Birch Wood, 128 GB)","₹22,999",4.4,https://rukminim2.flixcart.com/image/312/312/xif0q/mobile/q/b/o/-original-imahfghxxmadhjm4.jpeg?q=70
"Samsung Galaxy A35 5G (Awesome Navy, 256 GB)","₹19,999",4.4,https://rukminim2.flixcart.com/image/312/312/xif0q/mobile/0/7/s/-original-imahgy26hqbqjfgb.jpeg?q=70
"Samsung Galaxy F06 5G (Lit Violet, 128 GB)","₹7,999",4.1,https://rukminim2.flixcart.com/image/312/312/xif0q/mobile/i/q/r/-original-imahfvrmzd46wgw5.jpeg?q=70
"realme P3x 5G (Stellar Pink, 128 GB)","₹10,249",4.4,https://rukminim2.flixcart.com/image/312/312/xif0q/mobile/5/v/y/-original-imah9gtmsuutundb.jpeg?q=70
"Samsung Galaxy A35 5G (Awesome Iceblue, 128 GB)","₹17,999",4.4,https://rukminim2.flixcart.com/image/312/312/xif0q/mobile/o/j/d/-original-imahgy25zuwqzzye.jpeg?q=70
"Samsung Galaxy A35 5G (Awesome Navy, 128 GB)","₹17,999",4.4,https://rukminim2.flixcart.com/image/312/312/xif0q/mobile/0/7/s/-original-imahgy26hqbqjfgb.jpeg?q=70
"POCO M7 Pro 5G (Lavender Frost, 128 GB)","₹11,499",4.3,https://rukminim2.flixcart.com/image/312/312/xif0q/mobile/h/g/z/-original-imah7jsp8bh3s4rv.jpeg?q=70
"POCO F7 5G (Phantom Black, 512 GB)","₹32,999",4.4,https://rukminim2.flixcart.com/image/312/312/xif0q/mobile/y/i/6/-original-imahdpu7wqfgfryp.jpeg?q=70
"Ai+ Pulse (Pink, 64 GB)","₹4,999",4.3,https://rukminim2.flixcart.com/image/312/312/xif0q/mobile/8/y/5/-original-imahgzhpxcp8527s.jpeg?q=70
"Samsung Galaxy F05 (Twilight Blue, 64 GB)","₹6,249",4.2,https://rukminim2.flixcart.com/image/312/312/xif0q/mobile/e/r/f/-original-imah56hkgehywn5b.jpeg?q=70
"Samsung Galaxy A35 5G (Awesome Lilac, 256 GB)","₹19,999",4.4,https://rukminim2.flixcart.com/image/312/312/xif0q/mobile/2/s/8/-original-imahgy26fu3z2hez.jpeg?q=70
"Samsung Galaxy F06 5G (Bahama Blue, 128 GB)","₹8,999",4.2,https://rukminim2.flixcart.com/image/312/312/xif0q/mobile/v/o/d/-original-imahfvrmfkwybeyc.jpeg?q=70
"Moto g06 power (Laurel Oak, 64 GB)","₹7,499",4.4,https://rukminim2.flixcart.com/image/312/312/xif0q/mobile/9/c/g/-original-imahgctgvra6qqwq.jpeg?q=70
"vivo T4R 5G (Twilight Blue, 256 GB)","₹21,499",4.5,https://rukminim2.flixcart.com/image/312/312/xif0q/mobile/2/3/i/-original-imahfkvffkd4qhma.jpeg?q=70
"realme P3 Pro 5G (Nebula Glow, 256 GB)","₹16,999",4.4,https://rukminim2.flixcart.com/image/312/312/xif0q/mobile/c/y/n/-original-imah9m58zvvd44hf.jpeg?q=70
"Samsung Galaxy S24 FE 5G (Graphite, 256 GB)","₹34,999",4.5,https://rukminim2.flixcart.com/image/312/312/xif0q/mobile/g/d/g/-original-imahfw4ahckefvxe.jpeg?q=70
"MOTOROLA g05 (Plum Red, 64 GB)","₹6,999",4.2,https://rukminim2.flixcart.com/image/312/312/xif0q/mobile/d/j/b/-original-imah83ezvx8m7hs6.jpeg?q=70
"Infinix Note 50s 5G+ 45W Charger In the Box & AI (Marine Drift, 128 GB)","₹15,999",4.4,https://rukminim2.flixcart.com/image/312/312/xif0q/mobile/x/i/o/-original-imahfr5gpevz4zrv.jpeg?q=70
"POCO C71 (Desert Gold, 128 GB)","₹6,799",4.1,https://rukminim2.flixcart.com/image/312/312/xif0q/mobile/h/l/a/-original-imahg2ny5htzbrjb.jpeg?q=70
"vivo T4 Pro 5G (Blaze Gold, 256 GB)","₹29,999",4.5,https://rukminim2.flixcart.com/image/312/312/xif0q/mobile/4/c/b/-original-imahfkvezr4fcets.jpeg?q=70
"Samsung Galaxy A35 5G (Awesome Iceblue, 256 GB)","₹19,999",4.4,https://rukminim2.flixcart.com/image/312/312/xif0q/mobile/o/j/d/-original-imahgy25zuwqzzye.jpeg?q=70
"Samsung Galaxy A35 5G (Awesome Lilac, 128 GB)","₹17,999",4.4,https://rukminim2.flixcart.com/image/312/312/xif0q/mobile/2/s/8/-original-imahgy26fu3z2hez.jpeg?q=70
"POCO C75 5G (Silver Stardust, 64 GB)","₹7,299",4.2,https://rukminim2.flixcart.com/image/312/312/xif0q/mobile/i/b/b/-original-imahbr2czzcrgfx7.jpeg?q=70
"REDMI A4 (Sparkle Purple, 128 GB)","₹9,447",4.2,https://rukminim2.flixcart.com/image/312/312/xif0q/mobile/u/w/r/a4-5g-24116rnc1i-redmi-original-imahbkamymkqzvsn.jpeg?q=70
"realme P4 Pro 5G (Birch Wood, 128 GB)","₹22,999",4.4,https://rukminim2.flixcart.com/image/312/312/xif0q/mobile/q/b/o/-original-imahfghxxmadhjm4.jpeg?q=70
"Samsung Galaxy A35 5G (Awesome Navy, 256 GB)","₹19,999",4.4,https://rukminim2.flixcart.com/image/312/312/xif0q/mobile/0/7/s/-original-imahgy26hqbqjfgb.jpeg?q=70
"realme P4 5G (Engine Blue, 128 GB)","₹15,999",4.4,https://rukminim2.flixcart.com/image/312/312/xif0q/mobile/r/4/p/-original-imahf47e6gzt3ggw.jpeg?q=70
"OPPO K13 5G with 7000mAh and 80W SUPERVOOC Charger In-The-Box (Icy Purple, 128 GB)","₹17,999",4.5,https://rukminim2.flixcart.com/image/312/312/xif0q/mobile/f/k/e/-original-imahbfd4zqn9zazz.jpeg?q=70
"OPPO K13x 5G 6000mAh and 45W SUPERVOOC Charger & AI (Sunset Peach, 128 GB)","₹12,999",4.5,https://rukminim2.flixcart.com/image/312/312/xif0q/mobile/s/r/y/-original-imahfw4vez79uubg.jpeg?q=70
"OPPO K13 5G with 7000mAh and 80W SUPERVOOC Charger In-The-Box (Icy Purple, 256 GB)","₹19,999",4.5,https://rukminim2.flixcart.com/image/312/312/xif0q/mobile/f/k/e/-original-imahbfd4zqn9zazz.jpeg?q=70
"Samsung Galaxy A35 5G (Awesome Iceblue, 128 GB)","₹17,999",4.4,https://rukminim2.flixcart.com/image/312/312/xif0q/mobile/o/j/d/-original-imahgy25zuwqzzye.jpeg?q=70
"Samsung Galaxy A35 5G (Awesome Navy, 128 GB)","₹17,999",4.4,https://rukminim2.flixcart.com/image/312/312/xif0q/mobile/0/7/s/-original-imahgy26hqbqjfgb.jpeg?q=70
"POCO M7 Pro 5G (Olive Twilight, 256 GB)","₹13,499",4.2,https://rukminim2.flixcart.com/image/312/312/xif0q/mobile/p/f/d/-original-imah7jsp9uzpjkyc.jpeg?q=70
"MOTOROLA Edge 60 Fusion 5G (PANTONE Mykonos Blue, 256 GB)","₹19,999",4.4,https://rukminim2.flixcart.com/image/312/312/xif0q/mobile/h/l/g/-original-imahgympttnkvw7t.jpeg?q=70
"Samsung Galaxy A35 5G (Awesome Lilac, 256 GB)","₹19,999",4.4,https://rukminim2.flixcart.com/image/312/312/xif0q/mobile/2/s/8/-original-imahgy26fu3z2hez.jpeg?q=70
"MOTOROLA Edge 60 Pro (Pantone Shadow, 256 GB)","₹25,999",4.3,https://rukminim2.flixcart.com/image/312/312/xif0q/mobile/u/b/t/-original-imahgqnzzc6cgggb.jpeg?q=70
"CMF by Nothing Phone 2 Pro (Light Green, 128 GB)","₹14,999",4.4,https://rukminim2.flixcart.com/image/312/312/xif0q/mobile/w/w/h/-original-imahc7ezhz9qxm6d.jpeg?q=70
"POCO C75 5G (Aqua Bliss, 128 GB)","₹8,099",4.2,https://rukminim2.flixcart.com/image/312/312/xif0q/mobile/o/2/g/-original-imahbr2cz5apcwze.jpeg?q=70
"IQOO Neo 10 (Titanium Chrome, 512 GB)","₹42,990",4.6,https://rukminim2.flixcart.com/image/312/312/xif0q/mobile/s/d/e/-original-imahdjgufajggchq.jpeg?q=70
"MOTOROLA Edge 60 Fusion 5G (PANTONE Slipstream, 256 GB)","₹21,999",4.5,https://rukminim2.flixcart.com/image/312/312/xif0q/mobile/i/z/x/-original-imahgqnzzgfbyevh.jpeg?q=70
"Samsung Galaxy A35 5G (Awesome Iceblue, 256 GB)","₹19,999",4.4,https://rukminim2.flixcart.com/image/312/312/xif0q/mobile/o/j/d/-original-imahgy25zuwqzzye.jpeg?q=70
"Samsung Galaxy A35 5G (Awesome Lilac, 128 GB)","₹17,999",4.4,https://rukminim2.flixcart.com/image/312/312/xif0q/mobile/2/s/8/-original-imahgy26fu3z2hez.jpeg?q=70
"Motorola g45 5G (Pantone Dahlia Purple, 128 GB)","₹11,999",4.3,https://rukminim2.flixcart.com/image/312/312/xif0q/mobile/e/o/e/-original-imahegy79yrrndka.jpeg?q=70
"POCO C71 (Power Black, 64 GB)","₹6,199",3.9,https://rukminim2.flixcart.com/image/312/312/xif0q/mobile/7/z/w/-original-imahawgahmkbjxyj.jpeg?q=70
"realme P4 Pro 5G (Birch Wood, 128 GB)","₹22,999",4.4,https://rukminim2.flixcart.com/image/312/312/xif0q/mobile/q/b/o/-original-imahfghxxmadhjm4.jpeg?q=70
"Samsung Galaxy A35 5G (Awesome Navy, 256 GB)","₹19,999",4.4,https://rukminim2.flixcart.com/image/312/312/xif0q/mobile/0/7/s/-original-imahgy26hqbqjfgb.jpeg?q=70
"realme 15x 5G (Marine Blue, 128 GB)","₹16,999",4.3,https://rukminim2.flixcart.com/image/312/312/xif0q/mobile/y/k/k/-original-imahg8hawzyaxdmj.jpeg?q=70
"POCO X7 5G (Cosmic Silver, 128 GB)","₹13,999",4.3,https://rukminim2.flixcart.com/image/312/312/xif0q/mobile/r/g/v/-original-imahbzrrxtsbwggz.jpeg?q=70
"MOTOROLA g35 5G (Midnight Black, 128 GB)","₹8,999",4.2,https://rukminim2.flixcart.com/image/312/312/xif0q/mobile/z/q/m/g35-5g-pb3h0000in-motorola-original-imah7c6ykgz5rtgv.jpeg?q=70
Kechaoda A26_black,₹880,4,https://rukminim2.flixcart.com/image/312/312/xif0q/mobile/t/b/r/a26-a26-kechaoda-original-imagtynxzpe2sznf.jpeg?q=70
"Samsung Galaxy A35 5G (Awesome Iceblue, 128 GB)","₹17,999",4.4,https://rukminim2.flixcart.com/image/312/312/xif0q/mobile/o/j/d/-original-imahgy25zuwqzzye.jpeg?q=70
"Samsung Galaxy A35 5G (Awesome Navy, 128 GB)","₹17,999",4.4,https://rukminim2.flixcart.com/image/312/312/xif0q/mobile/0/7/s/-original-imahgy26hqbqjfgb.jpeg?q=70
"vivo T4 Lite 5G Charger in the Box (Titanium Gold, 256 GB)","₹12,999",4.3,https://rukminim2.flixcart.com/image/312/312/xif0q/mobile/6/9/t/-original-imahfkvfhpfaftmb.jpeg?q=70
"Samsung Galaxy S24 5G Snapdragon (Marble Gray, 256 GB)","₹44,999",4.6,https://rukminim2.flixcart.com/image/312/312/xif0q/mobile/i/b/d/-original-imahfz2tuqdczpfg.jpeg?q=70
"Samsung Galaxy A35 5G (Awesome Lilac, 256 GB)","₹19,999",4.4,https://rukminim2.flixcart.com/image/312/312/xif0q/mobile/2/s/8/-original-imahgy26fu3z2hez.jpeg?q=70
"Nokia 130 Music Dual Sim, Music Player, Wireless FM Radio and Dedicated Music Buttons","₹1,949",3.8,https://rukminim2.flixcart.com/image/312/312/xif0q/mobile/e/s/h/130-music-dual-sim-music-player-wireless-fm-radio-and-dedicated-original-imah3q6f4u5wqkug.jpeg?q=70
"realme P3 Pro 5G (Galaxy Purple, 256 GB)","₹16,999",4.4,https://rukminim2.flixcart.com/image/312/312/xif0q/mobile/r/u/a/-original-imah9m589s8htnvr.jpeg?q=70
"OPPO K13 5G with 7000mAh and 80W SUPERVOOC Charger In-The-Box (Prism Black, 256 GB)","₹19,999",4.5,https://rukminim2.flixcart.com/image/312/312/xif0q/mobile/y/l/1/-original-imahbfd4cgh53kmh.jpeg?q=70
"vivo T4R 5G (Arctic White, 256 GB)","₹21,499",4.5,https://rukminim2.flixcart.com/image/312/312/xif0q/mobile/m/q/3/-original-imahfkvfzynqjjwz.jpeg?q=70
"realme P3 Ultra 5G (Neptune Blue, 256 GB)","₹19,999",4.4,https://rukminim2.flixcart.com/image/312/312/xif0q/mobile/y/s/z/-original-imahadrumpq2wpeg.jpeg?q=70
"Infinix Note 50s 5G+ (Titanium Grey, 128 GB)","₹14,999",4.4,https://rukminim2.flixcart.com/image/312/312/xif0q/mobile/a/x/a/note-50s-5g-x6870-infinix-original-imahed76tuzgybtk.jpeg?q=70
"MOTOROLA Edge 60 Fusion 5G (PANTONE Amazonite, 256 GB)","₹19,999",4.4,https://rukminim2.flixcart.com/image/312/312/xif0q/mobile/x/7/t/-original-imahgqnz4hjyk6fh.jpeg?q=70
"Infinix NOTE 50s 5G+ 45W Charger In the Box & AI (Mystic Plum, 128 GB)","₹14,999",4.4,https://rukminim2.flixcart.com/image/312/312/xif0q/mobile/t/k/9/-original-imahfdagwznwyjud.jpeg?q=70
"REDMI Note 14 SE 5G (Titan Black, 128 GB)","₹12,999",4.3,https://rukminim2.flixcart.com/image/312/312/xif0q/mobile/l/m/t/-original-imahg2z9zggggbgq.jpeg?q=70
"Samsung Galaxy A35 5G (Awesome Iceblue, 256 GB)","₹19,999",4.4,https://rukminim2.flixcart.com/image/312/312/xif0q/mobile/o/j/d/-original-imahgy25zuwqzzye.jpeg?q=70
"Samsung Galaxy A35 5G (Awesome Lilac, 128 GB)","₹17,999",4.4,https://rukminim2.flixcart.com/image/312/312/xif0q/mobile/2/s/8/-original-imahgy26fu3z2hez.jpeg?q=70
"realme P3 Lite 5G Charger in the Box (Midnight Lily, 128 GB)","₹10,749",4.5,https://rukminim2.flixcart.com/image/312/312/xif0q/mobile/a/f/t/-original-imahfsgv98qsukvz.jpeg?q=70
"realme P3 Lite 5G Charger in the Box (Lily White, 128 GB)","₹10,749",4.5,https://rukminim2.flixcart.com/image/312/312/xif0q/mobile/g/o/v/-original-imahfsgvr6fvsczs.jpeg?q=70
"vivo T4R 5G (Arctic White, 256 GB)","₹21,499",4.5,https://rukminim2.flixcart.com/image/312/312/xif0q/mobile/m/q/3/-original-imahfkvfzynqjjwz.jpeg?q=70
"vivo T4x 5G (Glacial Teal, 128 GB)","₹13,499",4.4,https://rukminim2.flixcart.com/image/312/312/xif0q/mobile/n/k/r/-original-imahfhudssrdghcz.jpeg?q=70
"realme P4 Pro 5G (Birch Wood, 128 GB)","₹22,999",4.4,https://rukminim2.flixcart.com/image/312/312/xif0q/mobile/q/b/o/-original-imahfghxxmadhjm4.jpeg?q=70
"Samsung Galaxy A35 5G (Awesome Navy, 256 GB)","₹19,999",4.4,https://rukminim2.flixcart.com/image/312/312/xif0q/mobile/0/7/s/-original-imahgy26hqbqjfgb.jpeg?q=70
"realme P3 Lite 5G Charger in the Box (Purple Blossom, 128 GB)","₹10,499",4.4,https://rukminim2.flixcart.com/image/312/312/xif0q/mobile/3/c/n/-original-imahfteyz3sqjytm.jpeg?q=70
"Apple iPhone 16 Pro Max (Natural Titanium, 256 GB)","₹1,29,900",4.7,https://rukminim2.flixcart.com/image/312/312/xif0q/mobile/r/8/8/-original-imahggevcrkzezzv.jpeg?q=70
"Samsung Galaxy A35 5G (Awesome Iceblue, 128 GB)","₹17,999",4.4,https://rukminim2.flixcart.com/image/312/312/xif0q/mobile/o/j/d/-original-imahgy25zuwqzzye.jpeg?q=70
"Samsung Galaxy A35 5G (Awesome Navy, 128 GB)","₹17,999",4.4,https://rukminim2.flixcart.com/image/312/312/xif0q/mobile/0/7/s/-original-imahgy26hqbqjfgb.jpeg?q=70
"realme P3 Pro 5G (Galaxy Purple, 256 GB)","₹16,999",4.4,https://rukminim2.flixcart.com/image/312/312/xif0q/mobile/r/u/a/-original-imah9m589s8htnvr.jpeg?q=70
"MOTOROLA G96 5G (Pantone Cattleya Orchid, 256 GB)","₹17,999",4.4,https://rukminim2.flixcart.com/image/312/312/xif0q/mobile/i/c/p/-original-imahgqnz7w9vazdb.jpeg?q=70
"realme P3 Lite 5G Charger in the Box (Midnight Lily, 128 GB)","₹10,499",4.4,https://rukminim2.flixcart.com/image/312/312/xif0q/mobile/a/f/t/-original-imahfsgv98qsukvz.jpeg?q=70
"Motorola G85 5G (Olive Green, 128 GB)","₹15,999",4.4,https://rukminim2.flixcart.com/image/312/312/xif0q/mobile/o/z/v/-original-imahgqnz4yfxfz8k.jpeg?q=70
"Samsung Galaxy A35 5G (Awesome Lilac, 256 GB)","₹19,999",4.4,https://rukminim2.flixcart.com/image/312/312/xif0q/mobile/2/s/8/-original-imahgy26fu3z2hez.jpeg?q=70
"Nothing Phone (3) (White, 512 GB)","₹89,999",4.4,https://rukminim2.flixcart.com/image/312/312/xif0q/mobile/e/k/m/-original-imahgfmzwegzgxpp.jpeg?q=70
"OPPO K13 Turbo 5G (White Knight, 128 GB)","₹22,999",4.5,https://rukminim2.flixcart.com/image/312/312/xif0q/mobile/3/4/m/-original-imahewfsz5y8tekm.jpeg?q=70
"OPPO K13 Turbo 5G (Purple Phantom, 256 GB)","₹24,999",4.5,https://rukminim2.flixcart.com/image/312/312/xif0q/mobile/x/x/t/-original-imahewfs9wb48gva.jpeg?q=70
"OPPO K13 Turbo 5G (White Knight, 256 GB)","₹24,999",4.5,https://rukminim2.flixcart.com/image/312/312/xif0q/mobile/3/4/m/-original-imahewfsz5y8tekm.jpeg?q=70
"OPPO K13 Turbo 5G (Purple Phantom, 128 GB)","₹22,999",4.5,https://rukminim2.flixcart.com/image/312/312/xif0q/mobile/x/x/t/-original-imahewfs9wb48gva.jpeg?q=70
"vivo T4R 5G (Arctic White, 256 GB)","₹23,499",4.5,https://rukminim2.flixcart.com/image/312/312/xif0q/mobile/m/q/3/-original-imahfkvfzynqjjwz.jpeg?q=70
"vivo T4R 5G (Twilight Blue, 256 GB)","₹21,499",4.5,https://rukminim2.flixcart.com/image/312/312/xif0q/mobile/2/3/i/-original-imahfkvffkd4qhma.jpeg?q=70
"Moto g06 power (Tapestry, 64 GB)","₹7,499",4.4,https://rukminim2.flixcart.com/image/312/312/xif0q/mobile/u/b/9/-original-imahgctgvmt6kjyn.jpeg?q=70
"MOTOROLA G96 5G (Pantone Greener Pastures, 256 GB)","₹17,999",4.4,https://rukminim2.flixcart.com/image/312/312/xif0q/mobile/r/q/d/-original-imahgqnzf8kcnddy.jpeg?q=70
"Samsung Galaxy A35 5G (Awesome Iceblue, 256 GB)","₹19,999",4.4,https://rukminim2.flixcart.com/image/312/312/xif0q/mobile/o/j/d/-original-imahgy25zuwqzzye.jpeg?q=70
"Samsung Galaxy A35 5G (Awesome Lilac, 128 GB)","₹17,999",4.4,https://rukminim2.flixcart.com/image/312/312/xif0q/mobile/2/s/8/-original-imahgy26fu3z2hez.jpeg?q=70
"KARBONN Jumbo K9 Keypad Mobile Phone 2.4inch LCD2 MP Camera,1800mAh Battery,FM Vibratore","₹1,309",4,https://rukminim2.flixcart.com/image/312/312/xif0q/mobile/m/t/e/jumbo-k9-keypad-mobile-phone-2-4inch-lcd2-mp-camera-1800mah-original-imahdhf2ytxqt6zk.jpeg?q=70
"vivo T4R 5G (Twilight Blue, 256 GB)","₹23,499",4.5,https://rukminim2.flixcart.com/image/312/312/xif0q/mobile/2/3/i/-original-imahfkvffkd4qhma.jpeg?q=70
"realme P4 Pro 5G (Birch Wood, 128 GB)","₹22,999",4.4,https://rukminim2.flixcart.com/image/312/312/xif0q/mobile/q/b/o/-original-imahfghxxmadhjm4.jpeg?q=70
"Samsung Galaxy A35 5G (Awesome Navy, 256 GB)","₹19,999",4.4,https://rukminim2.flixcart.com/image/312/312/xif0q/mobile/0/7/s/-original-imahgy26hqbqjfgb.jpeg?q=70
"OPPO K13x 5G 6000mAh and 45W SUPERVOOC Charger & AI (Mist White, 128 GB)","₹12,999",4.5,https://rukminim2.flixcart.com/image/312/312/xif0q/mobile/m/h/8/-original-imahfw4vawbpqxrn.jpeg?q=70
"POCO M7 5G (Satin Black, 128 GB)","₹9,499",4.2,https://rukminim2.flixcart.com/image/312/312/xif0q/mobile/b/i/3/-original-imah9wydpxgkjtgw.jpeg?q=70
"MOTOROLA g35 5G (Midnight Black, 128 GB)","₹11,999",4.4,https://rukminim2.flixcart.com/image/312/312/xif0q/mobile/h/4/j/-original-imahgjf92nfmtgbe.jpeg?q=70
"Apple iPhone 16 Pro (Desert Titanium, 128 GB)","₹1,04,900",4.7,https://rukminim2.flixcart.com/image/312/312/xif0q/mobile/o/o/9/-original-imahggev6y5zhbjz.jpeg?q=70
"Samsung Galaxy A35 5G (Awesome Iceblue, 128 GB)","₹17,999",4.4,https://rukminim2.flixcart.com/image/312/312/xif0q/mobile/o/j/d/-original-imahgy25zuwqzzye.jpeg?q=70
"Samsung Galaxy A35 5G (Awesome Navy, 128 GB)","₹17,999",4.4,https://rukminim2.flixcart.com/image/312/312/xif0q/mobile/0/7/s/-original-imahgy26hqbqjfgb.jpeg?q=70
"MOTOROLA G96 5G (Pantone Cattleya Orchid, 128 GB)","₹15,999",4.4,https://rukminim2.flixcart.com/image/312/312/xif0q/mobile/i/c/p/-original-imahgqnz7w9vazdb.jpeg?q=70
"Motorola G85 5G (Viva Magenta, 128 GB)","₹15,999",4.4,https://rukminim2.flixcart.com/image/312/312/xif0q/mobile/b/y/g/-original-imah4qtgjtzprg3g.jpeg?q=70
"Samsung Galaxy A35 5G (Awesome Lilac, 256 GB)","₹19,999",4.4,https://rukminim2.flixcart.com/image/312/312/xif0q/mobile/2/s/8/-original-imahgy26fu3z2hez.jpeg?q=70
"POCO X7 Pro 5G (Yellow, 256 GB)","₹22,999",4.4,https://rukminim2.flixcart.com/image/312/312/xif0q/mobile/c/q/i/-original-imahgwaeqvpk8wbz.jpeg?q=70
"Tecno Pova 7 5G (Oasis Green, 256 GB)","₹15,999",4.4,https://rukminim2.flixcart.com/image/312/312/xif0q/mobile/g/5/i/-original-imahf6egyehaehsm.jpeg?q=70
"realme P4 5G (Engine Blue, 128 GB)","₹16,999",4.4,https://rukminim2.flixcart.com/image/312/312/xif0q/mobile/r/4/p/-original-imahf47e6gzt3ggw.jpeg?q=70
"realme P4 5G (Steel Grey, 256 GB)","₹18,999",4.4,https://rukminim2.flixcart.com/image/312/312/xif0q/mobile/2/m/d/-original-imahf47f6fgxwh9a.jpeg?q=70
"realme P4 5G (Forge Red, 128 GB)","₹16,999",4.4,https://rukminim2.flixcart.com/image/312/312/xif0q/mobile/o/y/g/-original-imahf47ehu3f5gxa.jpeg?q=70
"realme P3 Ultra 5G (Glowing Lunar White, 256 GB)","₹23,999",4.5,https://rukminim2.flixcart.com/image/312/312/xif0q/mobile/y/w/a/p3-ultra-5g-rmx5030-realme-original-imahadm5zgatgzs8.jpeg?q=70
"realme P4 5G (Engine Blue, 128 GB)","₹15,999",4.4,https://rukminim2.flixcart.com/image/312/312/xif0q/mobile/r/4/p/-original-imahf47e6gzt3ggw.jpeg?q=70
"Samsung Galaxy F06 5G (Lit Violet, 128 GB)","₹7,999",4.1,https://rukminim2.flixcart.com/image/312/312/xif0q/mobile/i/q/r/-original-imahfvrmzd46wgw5.jpeg?q=70
"Nothing Phone (3a) (Black, 256 GB)","₹25,999",4.5,https://rukminim2.flixcart.com/image/312/312/xif0q/mobile/1/o/x/-original-imahcfcf2hdeqea5.jpeg?q=70
"Samsung Galaxy A35 5G (Awesome Iceblue, 256 GB)","₹19,999",4.4,https://rukminim2.flixcart.com/image/312/312/xif0q/mobile/o/j/d/-original-imahgy25zuwqzzye.jpeg?q=70
"Samsung Galaxy A35 5G (Awesome Lilac, 128 GB)","₹17,999",4.4,https://rukminim2.flixcart.com/image/312/312/xif0q/mobile/2/s/8/-original-imahgy26fu3z2hez.jpeg?q=70
"Google Pixel 9A (Obsidian, 256 GB)","₹44,999",4.4,https://rukminim2.flixcart.com/image/312/312/xif0q/mobile/x/b/u/-original-imahadxg2fazkzub.jpeg?q=70
"Samsung Galaxy S24 5G Snapdragon (Onyx Black, 128 GB)","₹39,999",4.6,https://rukminim2.flixcart.com/image/312/312/xif0q/mobile/r/8/1/-original-imahfz2tenzpsd3p.jpeg?q=70
"Ai+ Nova 5G (Purple, 128 GB)","₹7,999",4.1,https://rukminim2.flixcart.com/image/312/312/xif0q/mobile/x/a/o/-original-imahdsbnp46hnuvd.jpeg?q=70
"realme P3 Ultra 5G (Orion Red, 256 GB)","₹19,999",4.4,https://rukminim2.flixcart.com/image/312/312/xif0q/mobile/o/3/1/-original-imahadrutq6xcsz3.jpeg?q=70
"realme P4 Pro 5G (Birch Wood, 128 GB)","₹22,999",4.4,https://rukminim2.flixcart.com/image/312/312/xif0q/mobile/q/b/o/-original-imahfghxxmadhjm4.jpeg?q=70
"Samsung Galaxy A35 5G (Awesome Navy, 256 GB)","₹19,999",4.4,https://rukminim2.flixcart.com/image/312/312/xif0q/mobile/0/7/s/-original-imahgy26hqbqjfgb.jpeg?q=70
"realme P3 Ultra 5G (Neptune Blue, 256 GB)","₹23,999",4.5,https://rukminim2.flixcart.com/image/312/312/xif0q/mobile/y/s/z/-original-imahadrumpq2wpeg.jpeg?q=70
"POCO X7 5G (Cosmic Silver, 128 GB)","₹13,999",4.3,https://rukminim2.flixcart.com/image/312/312/xif0q/mobile/r/g/v/-original-imahbzrrxtsbwggz.jpeg?q=70
"Samsung Galaxy A35 5G (Awesome Iceblue, 128 GB)","₹17,999",4.4,https://rukminim2.flixcart.com/image/312/312/xif0q/mobile/o/j/d/-original-imahgy25zuwqzzye.jpeg?q=70
"Samsung Galaxy A35 5G (Awesome Navy, 128 GB)","₹17,999",4.4,https://rukminim2.flixcart.com/image/312/312/xif0q/mobile/0/7/s/-original-imahgy26hqbqjfgb.jpeg?q=70
"Google Pixel 9A (Porcelain, 256 GB)","₹44,999",4.4,https://rukminim2.flixcart.com/image/312/312/xif0q/mobile/0/q/f/-original-imahadxg8mgjzrfh.jpeg?q=70
"POCO C71 (Power Black, 128 GB)","₹6,799",4.1,https://rukminim2.flixcart.com/image/312/312/xif0q/mobile/7/z/w/-original-imahawgahmkbjxyj.jpeg?q=70
"Apple iPhone 14 (Starlight, 128 GB)","₹52,900",4.6,https://rukminim2.flixcart.com/image/312/312/xif0q/mobile/m/o/b/-original-imaghx9qkugtbfrn.jpeg?q=70
"realme P3 Pro 5G (Nebula Glow, 128 GB)","₹20,999",4.4,https://rukminim2.flixcart.com/image/312/312/xif0q/mobile/c/y/n/-original-imah9m58zvvd44hf.jpeg?q=70
"Samsung Galaxy A35 5G (Awesome Lilac, 256 GB)","₹19,999",4.4,https://rukminim2.flixcart.com/image/312/312/xif0q/mobile/2/s/8/-original-imahgy26fu3z2hez.jpeg?q=70
"Infinix Note 50s 5G+ (Titanium Grey, 128 GB)","₹14,999",4.4,https://rukminim2.flixcart.com/image/312/312/xif0q/mobile/a/x/a/note-50s-5g-x6870-infinix-original-imahed76tuzgybtk.jpeg?q=70
"realme P4 5G (Steel Grey, 128 GB)","₹15,999",4.4,https://rukminim2.flixcart.com/image/312/312/xif0q/mobile/2/m/d/-original-imahf47f6fgxwh9a.jpeg?q=70
"Apple iPhone 16 Pro (Black Titanium, 128 GB)","₹1,04,900",4.7,https://rukminim2.flixcart.com/image/312/312/xif0q/mobile/f/9/0/-original-imahggex9mdtt4se.jpeg?q=70
"OnePlus Nord CE4 lite 5G (SUPER SILVER, 128 GB)","₹16,969",4.4,https://rukminim2.flixcart.com/image/312/312/xif0q/mobile/x/w/5/nord-ce4-lite-5g-cph2619-oneplus-original-imahf9mvhhg35f5y.jpeg?q=70
"MOTOROLA Edge 60 Pro (Pantone Sparkling Grape, 256 GB)","₹25,999",4.3,https://rukminim2.flixcart.com/image/312/312/xif0q/mobile/h/v/5/-original-imahgqnzfpgfhfap.jpeg?q=70
"Samsung Galaxy F36 5G (Black, 256 GB)","₹17,499",4.2,https://rukminim2.flixcart.com/image/312/312/xif0q/mobile/1/k/g/-original-imahgynnzvyjucyf.jpeg?q=70
"Tecno Pova 7 5G (Geek Black, 128 GB)","₹12,499",4.4,https://rukminim2.flixcart.com/image/312/312/xif0q/mobile/c/0/j/-original-imahf6egcfjn7yh6.jpeg?q=70
"Tecno Pova 7 5G (Magic Silver, 128 GB)","₹12,499",4.4,https://rukminim2.flixcart.com/image/312/312/xif0q/mobile/u/7/g/-original-imahf6egnbhzjngg.jpeg?q=70
"Nothing Phone (3) (Black, 512 GB)","₹89,999",4.4,https://rukminim2.flixcart.com/image/312/312/xif0q/mobile/z/0/q/-original-imahgfnygwdeyrzp.jpeg?q=70
"Samsung Galaxy A35 5G (Awesome Iceblue, 256 GB)","₹19,999",4.4,https://rukminim2.flixcart.com/image/312/312/xif0q/mobile/o/j/d/-original-imahgy25zuwqzzye.jpeg?q=70
"Samsung Galaxy A35 5G (Awesome Lilac, 128 GB)","₹17,999",4.4,https://rukminim2.flixcart.com/image/312/312/xif0q/mobile/2/s/8/-original-imahgy26fu3z2hez.jpeg?q=70
"POCO M7 Pro 5G (Lavender Frost, 128 GB)","₹11,499",4.3,https://rukminim2.flixcart.com/image/312/312/xif0q/mobile/h/g/z/-original-imah7jsp8bh3s4rv.jpeg?q=70
"realme P4 5G (Steel Grey, 128 GB)","₹16,999",4.4,https://rukminim2.flixcart.com/image/312/312/xif0q/mobile/2/m/d/-original-imahf47f6fgxwh9a.jpeg?q=70
"realme P4 Pro 5G (Birch Wood, 128 GB)","₹22,999",4.4,https://rukminim2.flixcart.com/image/312/312/xif0q/mobile/q/b/o/-original-imahfghxxmadhjm4.jpeg?q=70
"Samsung Galaxy A35 5G (Awesome Navy, 256 GB)","₹19,999",4.4,https://rukminim2.flixcart.com/image/312/312/xif0q/mobile/0/7/s/-original-imahgy26hqbqjfgb.jpeg?q=70
"MOTOROLA g35 5G (Leaf Green, 128 GB)","₹11,999",4.4,https://rukminim2.flixcart.com/image/312/312/xif0q/mobile/0/a/6/-original-imahgjf9phdnsc5b.jpeg?q=70
"realme P3 Ultra 5G (Neptune Blue, 128 GB)","₹18,999",4.4,https://rukminim2.flixcart.com/image/312/312/xif0q/mobile/y/s/z/-original-imahadrumpq2wpeg.jpeg?q=70
"OnePlus Nord CE4 lite 5G (ULTRA ORANGE, 128 GB)","₹17,399",4.4,https://rukminim2.flixcart.com/image/312/312/xif0q/mobile/r/n/d/-original-imah5wxzxbsymj4j.jpeg?q=70
"realme P3 Ultra 5G (Glowing Lunar White, 128 GB)","₹18,999",4.4,https://rukminim2.flixcart.com/image/312/312/xif0q/mobile/y/w/a/p3-ultra-5g-rmx5030-realme-original-imahadm5zgatgzs8.jpeg?q=70
"Samsung Galaxy A35 5G (Awesome Iceblue, 128 GB)","₹17,999",4.4,https://rukminim2.flixcart.com/image/312/312/xif0q/mobile/o/j/d/-original-imahgy25zuwqzzye.jpeg?q=70
"Samsung Galaxy A35 5G (Awesome Navy, 128 GB)","₹17,999",4.4,https://rukminim2.flixcart.com/image/312/312/xif0q/mobile/0/7/s/-original-imahgy26hqbqjfgb.jpeg?q=70
"POCO X7 Pro 5G (Nebula Green, 256 GB)","₹20,999",4.3,https://rukminim2.flixcart.com/image/312/312/xif0q/mobile/v/y/j/-original-imahe395ksjsqk4n.jpeg?q=70
"realme Narzo 80 Lite 5G (Onyx Black, 128 GB)","₹9,829",4.3,https://rukminim2.flixcart.com/image/312/312/xif0q/mobile/1/e/1/narzo-80-lite-5g-rmx3933-realme-original-imahdeywdbwg7ktq.jpeg?q=70
"Samsung Galaxy A35 5G (Awesome Lilac, 256 GB)","₹19,999",4.4,https://rukminim2.flixcart.com/image/312/312/xif0q/mobile/2/s/8/-original-imahgy26fu3z2hez.jpeg?q=70
"Alcatel V3 Classic 5G (Cosmic Grey, 128 GB)","₹10,999",4.9,https://rukminim2.flixcart.com/image/312/312/xif0q/mobile/v/n/6/-original-imahcgky5hxrrutt.jpeg?q=70
"IQOO Z10X 5G (Titanium, 128 GB)","₹14,405",4.3,https://rukminim2.flixcart.com/image/312/312/xif0q/mobile/u/a/s/z10x-5g-i2404-iqoo-original-imahbngjtvv57yhf.jpeg?q=70
"IQOO Z10X 5G (Ultramarine, 256 GB)","₹16,599",4.3,https://rukminim2.flixcart.com/image/312/312/xif0q/mobile/s/u/8/z10x-5g-i2404-iqoo-original-imahbngms6vtzc9d.jpeg?q=70
"Samsung Galaxy S24 5G Snapdragon (Marble Gray, 128 GB)","₹39,999",4.6,https://rukminim2.flixcart.com/image/312/312/xif0q/mobile/i/b/d/-original-imahfz2tuqdczpfg.jpeg?q=70
"POCO X7 5G (Cosmic Silver, 256 GB)","₹15,999",4.3,https://rukminim2.flixcart.com/image/312/312/xif0q/mobile/r/g/v/-original-imahbzrrxtsbwggz.jpeg?q=70
"Samsung Galaxy A35 5G (Awesome Iceblue, 256 GB)","₹19,999",4.4,https://rukminim2.flixcart.com/image/312/312/xif0q/mobile/o/j/d/-original-imahgy25zuwqzzye.jpeg?q=70
"Samsung Galaxy A35 5G (Awesome Lilac, 128 GB)","₹17,999",4.4,https://rukminim2.flixcart.com/image/312/312/xif0q/mobile/2/s/8/-original-imahgy26fu3z2hez.jpeg?q=70
"IQOO Z10X 5G (Titanium, 256 GB)","₹17,196",4.3,https://rukminim2.flixcart.com/image/312/312/xif0q/mobile/7/l/0/z10x-5g-i2404-iqoo-original-imahbngzhft7qyux.jpeg?q=70
"POCO F7 5G (Cyber Silver Edition, 512 GB)","₹32,999",4.4,https://rukminim2.flixcart.com/image/312/312/xif0q/mobile/e/x/w/-original-imahgwaez6h2qyuy.jpeg?q=70
"realme P4 Pro 5G (Birch Wood, 128 GB)","₹22,999",4.4,https://rukminim2.flixcart.com/image/312/312/xif0q/mobile/q/b/o/-original-imahfghxxmadhjm4.jpeg?q=70
"Samsung Galaxy A35 5G (Awesome Navy, 256 GB)","₹19,999",4.4,https://rukminim2.flixcart.com/image/312/312/xif0q/mobile/0/7/s/-original-imahgy26hqbqjfgb.jpeg?q=70
itel Ace 3 Shine,₹869,4.1,https://rukminim2.flixcart.com/image/312/312/xif0q/mobile/w/r/a/ace-3-shine-ace-3-itel-original-imah7k9zfhnne8gy.jpeg?q=70
itel it5330 | 2.8 inch Big Display | 1900 mAh Battery | Kingvoice,"₹1,349",4.1,https://rukminim2.flixcart.com/image/312/312/xif0q/mobile/b/z/h/it5330-2-8-inch-big-display-1900-mah-battery-kingvoice-it5361-original-imah2yskqfghnvye.jpeg?q=70
"MOTOROLA g35 5G (Guava Red, 128 GB)","₹8,999",4.2,https://rukminim2.flixcart.com/image/312/312/xif0q/mobile/e/6/4/g35-5g-pb3h0002in-motorola-original-imah7c6wzezymef7.jpeg?q=70
"realme Narzo 80 Lite 4G (Beach Gold, 64 GB)","₹6,699",4.3,https://rukminim2.flixcart.com/image/312/312/xif0q/mobile/n/r/c/narzo-80-lite-4g-rmx5313-realme-original-imahegxgdvbva7zf.jpeg?q=70
"Samsung Galaxy A35 5G (Awesome Iceblue, 128 GB)","₹17,999",4.4,https://rukminim2.flixcart.com/image/312/312/xif0q/mobile/o/j/d/-original-imahgy25zuwqzzye.jpeg?q=70
"Samsung Galaxy A35 5G (Awesome Navy, 128 GB)","₹17,999",4.4,https://rukminim2.flixcart.com/image/312/312/xif0q/mobile/0/7/s/-original-imahgy26hqbqjfgb.jpeg?q=70
"Apple iPhone 17 (Lavender, 256 GB)","₹82,900",4.7,https://rukminim2.flixcart.com/image/312/312/xif0q/mobile/j/7/f/-original-imahft5gfgwpt6pr.jpeg?q=70
"Samsung Galaxy F06 5G (Bahama Blue, 64 GB)","₹7,499",4.1,https://rukminim2.flixcart.com/image/312/312/xif0q/mobile/v/o/d/-original-imahfvrmfkwybeyc.jpeg?q=70
"Samsung Galaxy A35 5G (Awesome Lilac, 256 GB)","₹19,999",4.4,https://rukminim2.flixcart.com/image/312/312/xif0q/mobile/2/s/8/-original-imahgy26fu3z2hez.jpeg?q=70
"realme Narzo 80 Lite 4G (Obsidian Black, 128 GB)","₹7,827",4.3,https://rukminim2.flixcart.com/image/312/312/xif0q/mobile/r/r/n/narzo-80-lite-4g-rmx5313-realme-original-imahegxgsh63vgqh.jpeg?q=70
"realme P3 Ultra 5G (Orion Red, 128 GB)","₹18,999",4.4,https://rukminim2.flixcart.com/image/312/312/xif0q/mobile/o/3/1/-original-imahadrutq6xcsz3.jpeg?q=70
"realme P3 Ultra 5G (Glowing Lunar White, 256 GB)","₹19,999",4.4,https://rukminim2.flixcart.com/image/312/312/xif0q/mobile/y/w/a/p3-ultra-5g-rmx5030-realme-original-imahadm5zgatgzs8.jpeg?q=70
itel Keypad Mobile | 2.4 inch Display| Type C Charging,"₹1,129",4.1,https://rukminim2.flixcart.com/image/312/312/xif0q/mobile/w/m/2/keypad-mobile-2-4-inch-display-type-c-charging-it5032-itel-original-imahgeqdzvyvjkuk.jpeg?q=70
"realme P3 Ultra 5G (Neptune Blue, 256 GB)","₹19,999",4.4,https://rukminim2.flixcart.com/image/312/312/xif0q/mobile/y/s/z/-original-imahadrumpq2wpeg.jpeg?q=70
"realme C71 (Obsidian Black, 128 GB)","₹7,499",4.2,https://rukminim2.flixcart.com/image/312/312/xif0q/mobile/u/h/x/-original-imahdz2ggghqcpcj.jpeg?q=70
"OnePlus Nord CE4 lite 5G (MEGA BLUE, 128 GB)","₹16,890",4.4,https://rukminim2.flixcart.com/image/312/312/xif0q/mobile/p/m/o/-original-imah5wxz4y4qfgdq.jpeg?q=70
"Tecno Pova 7 5G (Magic Silver, 256 GB)","₹15,999",4.4,https://rukminim2.flixcart.com/image/312/312/xif0q/mobile/u/7/g/-original-imahf6egnbhzjngg.jpeg?q=70
"Motorola g45 5G (Pantone Dahlia Purple, 128 GB)","₹11,999",4.3,https://rukminim2.flixcart.com/image/312/312/xif0q/mobile/e/o/e/-original-imahegy79yrrndka.jpeg?q=70
"Samsung Galaxy A35 5G (Awesome Iceblue, 256 GB)","₹19,999",4.4,https://rukminim2.flixcart.com/image/312/312/xif0q/mobile/o/j/d/-original-imahgy25zuwqzzye.jpeg?q=70
"Samsung Galaxy A35 5G (Awesome Lilac, 128 GB)","₹17,999",4.4,https://rukminim2.flixcart.com/image/312/312/xif0q/mobile/2/s/8/-original-imahgy26fu3z2hez.jpeg?q=70
"IQOO Z10 Lite 5G (Titanium Blue, 128 GB)","₹9,948",4.2,https://rukminim2.flixcart.com/image/312/312/xif0q/mobile/u/e/j/z10-lite-5g-d2025a-iqoo-original-imahdgdjdvrhfy4r.jpeg?q=70
"IQOO Z10 Lite 5G (Cyber Green, 128 GB)","₹9,944",4.2,https://rukminim2.flixcart.com/image/312/312/xif0q/mobile/3/n/f/z10-lite-5g-d2025a-iqoo-original-imahdgdjaxfgxnm3.jpeg?q=70
"MOTOROLA Razr 60 (PANTONE Gibraltar Sea, 256 GB)","₹39,999",4.4,https://rukminim2.flixcart.com/image/312/312/xif0q/mobile/p/x/y/-original-imahgqnzdueqhrwv.jpeg?q=70
"POCO F7 5G (Cyber Silver Edition, 256 GB)","₹30,999",4.4,https://rukminim2.flixcart.com/image/312/312/xif0q/mobile/w/2/d/-original-imahdpu7ndangb4q.jpeg?q=70
"realme P4 Pro 5G (Birch Wood, 128 GB)","₹22,999",4.4,https://rukminim2.flixcart.com/image/312/312/xif0q/mobile/q/b/o/-original-imahfghxxmadhjm4.jpeg?q=70
"Samsung Galaxy A35 5G (Awesome Navy, 256 GB)","₹19,999",4.4,https://rukminim2.flixcart.com/image/312/312/xif0q/mobile/0/7/s/-original-imahgy26hqbqjfgb.jpeg?q=70
"Ai+ Pulse (Green, 64 GB)","₹4,999",4.3,https://rukminim2.flixcart.com/image/312/312/xif0q/mobile/m/8/r/-original-imahgzhp6ymjfsv4.jpeg?q=70
"Nokia 105 Single SIM, Keypad Mobile Phone with Wireless FM Radio","₹1,325",3.8,https://rukminim2.flixcart.com/image/312/312/xif0q/mobile/g/s/r/105-single-sim-keypad-mobile-phone-with-wireless-fm-radio-ta-original-imah53fqhhqyadgd.jpeg?q=70
"Samsung Galaxy A35 5G (Awesome Iceblue, 128 GB)","₹17,999",4.4,https://rukminim2.flixcart.com/image/312/312/xif0q/mobile/o/j/d/-original-imahgy25zuwqzzye.jpeg?q=70
"Samsung Galaxy A35 5G (Awesome Navy, 128 GB)","₹17,999",4.4,https://rukminim2.flixcart.com/image/312/312/xif0q/mobile/0/7/s/-original-imahgy26hqbqjfgb.jpeg?q=70
"POCO M7 Pro 5G (Lunar Dust, 256 GB)","₹13,499",4.2,https://rukminim2.flixcart.com/image/312/312/xif0q/mobile/v/m/x/-original-imah7jspd8dcxfut.jpeg?q=70
"REDMI A4 5G only on Jio SIM (Starry Black, 128 GB)","₹9,227",4.3,https://rukminim2.flixcart.com/image/312/312/xif0q/mobile/z/h/f/a4-5g-a4-5g-redmi-original-imah6yhdg9kpnzgd.jpeg?q=70
itel it5027 Slim Keypad Mobile | 2.4 inch Display| Type C Charging,"₹1,109",4.1,https://rukminim2.flixcart.com/image/312/312/xif0q/mobile/9/e/z/it5027-slim-keypad-mobile-2-4-inch-display-type-c-charging-original-imahgeqdynzhcgmm.jpeg?q=70
itel it5027 Slim Keypad Mobile | 2.4 inch Display| Type C Charging,"₹1,109",4.1,https://rukminim2.flixcart.com/image/312/312/xif0q/mobile/x/o/t/it5027-slim-keypad-mobile-2-4-inch-display-type-c-charging-original-imahgu7wuzgh45fm.jpeg?q=70
"Samsung Galaxy A35 5G (Awesome Lilac, 256 GB)","₹19,999",4.4,https://rukminim2.flixcart.com/image/312/312/xif0q/mobile/2/s/8/-original-imahgy26fu3z2hez.jpeg?q=70
"Apple iPhone 14 (Blue, 128 GB)","₹52,900",4.6,https://rukminim2.flixcart.com/image/312/312/xif0q/mobile/3/5/l/-original-imaghx9qmgqsk9s4.jpeg?q=70
"MOTOROLA Edge 60 Pro (Pantone Shadow, 512 GB)","₹33,999",4.4,https://rukminim2.flixcart.com/image/312/312/xif0q/mobile/u/b/t/-original-imahgqnzzc6cgggb.jpeg?q=70
"POCO X7 5G (Yellow, 128 GB)","₹13,999",4.3,https://rukminim2.flixcart.com/image/312/312/xif0q/mobile/v/r/z/-original-imahbzrquuzcbyv3.jpeg?q=70
"OPPO A3x 5G (Starlight White, 128 GB)","₹11,249",4.2,https://rukminim2.flixcart.com/image/312/312/xif0q/mobile/x/a/7/-original-imah4d9fvghbutvh.jpeg?q=70
"Samsung Galaxy A55 5G (Awesome Navy, 256 GB)","₹26,700",4.4,https://rukminim2.flixcart.com/image/312/312/xif0q/mobile/q/q/t/-original-imahbzpzhcptykzf.jpeg?q=70
"realme C71 (Sea Blue, 64 GB)","₹7,190",4.4,https://rukminim2.flixcart.com/image/312/312/xif0q/mobile/c/f/j/-original-imahdz2gdtkwhz9g.jpeg?q=70
"realme C71 (Obsidian Black, 64 GB)","₹7,190",4.4,https://rukminim2.flixcart.com/image/312/312/xif0q/mobile/u/h/x/-original-imahdz2ggghqcpcj.jpeg?q=70
"Samsung Galaxy S24 5G Snapdragon (Amber Yellow, 256 GB)","₹44,999",4.6,https://rukminim2.flixcart.com/image/312/312/xif0q/mobile/f/a/6/-original-imahfz2tnafhmagr.jpeg?q=70
"Ai+ Pulse (Sparkle Red, 64 GB)","₹4,999",4.3,https://rukminim2.flixcart.com/image/312/312/xif0q/mobile/r/w/e/-original-imahdtguffqrygnb.jpeg?q=70
"Samsung M36 5G (Velvet Black / Black, 128 GB)","₹13,986",4.2,https://rukminim2.flixcart.com/image/312/312/xif0q/mobile/7/t/o/m36-5g-sm-m366b-samsung-original-imahe5ppfvxwjzfg.jpeg?q=70
"realme Narzo 80 Lite 5G (Crystal Purple, 128 GB)","₹9,899",4.3,https://rukminim2.flixcart.com/image/312/312/xif0q/mobile/s/p/z/narzo-80-lite-5g-rmx3933-realme-original-imahdeywgastnqkr.jpeg?q=70
"realme C71 (Sea Blue, 128 GB)","₹7,499",4.2,https://rukminim2.flixcart.com/image/312/312/xif0q/mobile/c/f/j/-original-imahdz2gdtkwhz9g.jpeg?q=70
"realme Narzo 80 Lite 4G (Beach Gold, 128 GB)","₹7,859",4.3,https://rukminim2.flixcart.com/image/312/312/xif0q/mobile/n/r/c/narzo-80-lite-4g-rmx5313-realme-original-imahegxgdvbva7zf.jpeg?q=70
"Alcatel V3 Classic 5G (Halo White, 128 GB)","₹8,999",4.3,https://rukminim2.flixcart.com/image/312/312/xif0q/mobile/g/a/0/-original-imahcgkyy8qqgx6x.jpeg?q=70
"Alcatel V3 Classic 5G (Cosmic Grey, 128 GB)","₹8,999",4.3,https://rukminim2.flixcart.com/image/312/312/xif0q/mobile/v/n/6/-original-imahcgky5hxrrutt.jpeg?q=70
"LAVA Storm Play 5G (Dune Titanium, 128 GB)","₹10,849",4.2,https://rukminim2.flixcart.com/image/312/312/xif0q/mobile/6/c/h/storm-play-5g-storm-play-5g-lava-original-imahg3g6sn9zg37z.jpeg?q=70
"POCO M7 Pro 5G (Lunar Dust, 128 GB)","₹11,499",4.3,https://rukminim2.flixcart.com/image/312/312/xif0q/mobile/v/m/x/-original-imah7jspd8dcxfut.jpeg?q=70
itel Ace 3 Shine,₹945,4.1,https://rukminim2.flixcart.com/image/312/312/xif0q/mobile/d/x/o/ace-3-shine-ace-3-itel-original-imahcy4kzgcatga9.jpeg?q=70
"Samsung Galaxy S24 5G Snapdragon (Cobalt Violet, 256 GB)","₹44,999",4.6,https://rukminim2.flixcart.com/image/312/312/xif0q/mobile/a/8/s/-original-imahfz2tvjqak9v3.jpeg?q=70
"POCO M7 Pro 5G (Olive Twilight, 128 GB)","₹11,499",4.3,https://rukminim2.flixcart.com/image/312/312/xif0q/mobile/p/f/d/-original-imah7jsp9uzpjkyc.jpeg?q=70
"realme 15x 5G (Aqua Blue, 128 GB)","₹16,999",4.3,https://rukminim2.flixcart.com/image/312/312/xif0q/mobile/u/l/7/-original-imahg8haabzhfake.jpeg?q=70
"realme 15x 5G (Marine Blue, 128 GB)","₹16,999",4.3,https://rukminim2.flixcart.com/image/312/312/xif0q/mobile/y/k/k/-original-imahg8hawzyaxdmj.jpeg?q=70
"realme Narzo 80 Lite 4G (Obsidian Black, 64 GB)","₹6,760",4.3,https://rukminim2.flixcart.com/image/312/312/xif0q/mobile/r/r/n/narzo-80-lite-4g-rmx5313-realme-original-imahegxgsh63vgqh.jpeg?q=70
"Samsung Galaxy A55 5G (Awesome Iceblue, 256 GB)","₹27,386",4.4,https://rukminim2.flixcart.com/image/312/312/xif0q/mobile/8/c/j/-original-imahbzpyfv8gpku7.jpeg?q=70
"IQOO Z10X 5G (Titanium, 128 GB)","₹13,470",4.4,https://rukminim2.flixcart.com/image/312/312/xif0q/mobile/7/l/0/z10x-5g-i2404-iqoo-original-imahbngzhft7qyux.jpeg?q=70
"realme P4 Pro 5G (Dark Oak Wood, 256 GB)","₹24,999",4.4,https://rukminim2.flixcart.com/image/312/312/xif0q/mobile/d/r/t/-original-imahfghxst733zhf.jpeg?q=70
"realme P4 Pro 5G (Birch Wood, 256 GB)","₹24,999",4.4,https://rukminim2.flixcart.com/image/312/312/xif0q/mobile/q/b/o/-original-imahfghxxmadhjm4.jpeg?q=70
"POCO M7 Plus 5G (Carbon Black, 128 GB)","₹12,999",4.2,https://rukminim2.flixcart.com/image/312/312/xif0q/mobile/i/t/s/-original-imahf728ffwf54gs.jpeg?q=70
"realme Narzo 80x 5G (Sunlit Gold, 128 GB)","₹12,370",4.2,https://rukminim2.flixcart.com/image/312/312/xif0q/mobile/q/4/r/narzo-80x-5g-rmx3944-realme-original-imahb4u6qyy8tggu.jpeg?q=70
Kechaoda A26,₹884,4,https://rukminim2.flixcart.com/image/312/312/jyxaw7k0/mobile/x/s/b/kechaoda-a26-a26-original-imafhyqgng8pduzm.jpeg?q=70
"POCO F6 5G (Titanium, 256 GB)","₹21,999",4.3,https://rukminim2.flixcart.com/image/312/312/xif0q/mobile/2/4/s/-original-imah4gzvp2fef9ys.jpeg?q=70
"realme 15x 5G (Maroon Red, 128 GB)","₹17,999",4.4,https://rukminim2.flixcart.com/image/312/312/xif0q/mobile/a/y/w/-original-imahg8hanw3krgtv.jpeg?q=70
"Samsung Galaxy A55 5G (Awesome Iceblue, 128 GB)","₹25,490",4.4,https://rukminim2.flixcart.com/image/312/312/xif0q/mobile/8/c/j/-original-imahbzpyfv8gpku7.jpeg?q=70
"Samsung Galaxy A35 5G (Awesome Iceblue, 256 GB)","₹19,999",4.4,https://rukminim2.flixcart.com/image/312/312/xif0q/mobile/o/j/d/-original-imahgy25zuwqzzye.jpeg?q=70
"Samsung Galaxy A35 5G (Awesome Lilac, 128 GB)","₹17,999",4.4,https://rukminim2.flixcart.com/image/312/312/xif0q/mobile/2/s/8/-original-imahgy26fu3z2hez.jpeg?q=70
"realme 15x 5G (Marine Blue, 128 GB)","₹17,999",4.4,https://rukminim2.flixcart.com/image/312/312/xif0q/mobile/y/k/k/-original-imahg8hawzyaxdmj.jpeg?q=70
"realme 15x 5G (Aqua Blue, 128 GB)","₹17,999",4.4,https://rukminim2.flixcart.com/image/312/312/xif0q/mobile/u/l/7/-original-imahg8haabzhfake.jpeg?q=70
itel Ace 3 Shine,₹879,4.1,https://rukminim2.flixcart.com/image/312/312/xif0q/mobile/n/b/g/ace-3-shine-ace-3-itel-original-imahew3wjzczzq9t.jpeg?q=70
"Samsung Galaxy S24 5G Snapdragon (Cobalt Violet, 128 GB)","₹39,999",4.6,https://rukminim2.flixcart.com/image/312/312/xif0q/mobile/a/8/s/-original-imahfz2tvjqak9v3.jpeg?q=70
"realme P4 Pro 5G (Birch Wood, 128 GB)","₹22,999",4.4,https://rukminim2.flixcart.com/image/312/312/xif0q/mobile/q/b/o/-original-imahfghxxmadhjm4.jpeg?q=70
"Samsung Galaxy A35 5G (Awesome Navy, 256 GB)","₹19,999",4.4,https://rukminim2.flixcart.com/image/312/312/xif0q/mobile/0/7/s/-original-imahgy26hqbqjfgb.jpeg?q=70
"MOTOROLA Edge 60 Pro (Pantone Dazzling Blue, 256 GB)","₹25,999",4.3,https://rukminim2.flixcart.com/image/312/312/xif0q/mobile/c/f/5/-original-imahgqnzngtkfyh5.jpeg?q=70
"Samsung Galaxy F06 5G (Lit Violet, 64 GB)","₹7,499",4.1,https://rukminim2.flixcart.com/image/312/312/xif0q/mobile/i/q/r/-original-imahfvrmzd46wgw5.jpeg?q=70
"Samsung Galaxy A35 5G (Awesome Iceblue, 128 GB)","₹17,999",4.4,https://rukminim2.flixcart.com/image/312/312/xif0q/mobile/o/j/d/-original-imahgy25zuwqzzye.jpeg?q=70
"Samsung Galaxy A35 5G (Awesome Navy, 128 GB)","₹17,999",4.4,https://rukminim2.flixcart.com/image/312/312/xif0q/mobile/0/7/s/-original-imahgy26hqbqjfgb.jpeg?q=70
"OPPO A3x 5G (Starlight White, 64 GB)","₹9,875",4.2,https://rukminim2.flixcart.com/image/312/312/xif0q/mobile/x/a/7/-original-imah4d9fvghbutvh.jpeg?q=70
"REDMI A4 5G only on Jio SIM (Sparkle Purple, 64 GB)","₹8,013",4.3,https://rukminim2.flixcart.com/image/312/312/xif0q/mobile/x/c/z/a4-5g-a4-5g-redmi-original-imah6yhdqpgfw36t.jpeg?q=70
"MOTOROLA Edge 60 Pro (Pantone Walnut, 256 GB)","₹25,999",4.3,https://rukminim2.flixcart.com/image/312/312/xif0q/mobile/i/8/d/-original-imahgqnzhgvt3txq.jpeg?q=70
"Apple iPhone 17 (Black, 256 GB)","₹82,900",4.7,https://rukminim2.flixcart.com/image/312/312/xif0q/mobile/s/t/g/-original-imahft5gqkxzyeqa.jpeg?q=70
"Samsung Galaxy A35 5G (Awesome Lilac, 256 GB)","₹19,999",4.4,https://rukminim2.flixcart.com/image/312/312/xif0q/mobile/2/s/8/-original-imahgy26fu3z2hez.jpeg?q=70
"IQOO Neo 10 (Inferno Red, 512 GB)","₹41,395",4.6,https://rukminim2.flixcart.com/image/312/312/xif0q/mobile/c/s/r/neo-10-i2405-iqoo-original-imahcgtx6xwxzydz.jpeg?q=70
"MOTOROLA G96 5G (Pantone Dresden Blue, 256 GB)","₹17,999",4.4,https://rukminim2.flixcart.com/image/312/312/xif0q/mobile/2/o/9/-original-imahgqnzt97efyph.jpeg?q=70
"Google Pixel 9 Pro Fold (Obsidian, 256 GB)","₹99,999",4.5,https://rukminim2.flixcart.com/image/312/312/xif0q/mobile/p/e/n/-original-imahggetbjzgjjdz.jpeg?q=70
itel it5330 | 2.8 inch Big Display | 1900 mAh Battery | Kingvoice,"₹1,349",4.1,https://rukminim2.flixcart.com/image/312/312/xif0q/mobile/q/c/b/it5330-2-8-inch-big-display-1900-mah-battery-kingvoice-it5361-original-imah5q8dwhwfhapv.jpeg?q=70
"IQOO Z10X 5G (Ultramarine, 128 GB)","₹14,300",4.3,https://rukminim2.flixcart.com/image/312/312/xif0q/mobile/y/t/q/z10x-5g-i2404-iqoo-original-imahbnghbzwfgken.jpeg?q=70
"Samsung M05 (Mint Green, 64 GB)","₹7,137",4.3,https://rukminim2.flixcart.com/image/312/312/xif0q/mobile/z/2/v/m05-sm-m055f-samsung-original-imah4z9v2qp2tpgw.jpeg?q=70
"OPPO A3x 5G (Sparkle Black, 64 GB)","₹9,770",4.2,https://rukminim2.flixcart.com/image/312/312/xif0q/mobile/d/w/p/-original-imah4d9fxbgarzhe.jpeg?q=70
"IQOO Neo 10R 5G (Raging Blue, 256 GB)","₹28,486",4.5,https://rukminim2.flixcart.com/image/312/312/xif0q/mobile/h/c/q/10r-5g-i2221-iqoo-original-imaha7hgyebd7guj.jpeg?q=70
"IQOO Neo 10R 5G (MoonKnight Titanium, 256 GB)","₹28,192",4.5,https://rukminim2.flixcart.com/image/312/312/xif0q/mobile/y/q/z/10r-5g-i2221-iqoo-original-imaha7hgqdhpgqvv.jpeg?q=70
"Samsung Galaxy A35 5G (Awesome Iceblue, 256 GB)","₹19,999",4.4,https://rukminim2.flixcart.com/image/312/312/xif0q/mobile/o/j/d/-original-imahgy25zuwqzzye.jpeg?q=70
"Samsung Galaxy A35 5G (Awesome Lilac, 128 GB)","₹17,999",4.4,https://rukminim2.flixcart.com/image/312/312/xif0q/mobile/2/s/8/-original-imahgy26fu3z2hez.jpeg?q=70
"IQOO Neo 10R 5G (Raging Blue, 128 GB)","₹25,385",4.5,https://rukminim2.flixcart.com/image/312/312/xif0q/mobile/h/c/q/10r-5g-i2221-iqoo-original-imaha7hgyebd7guj.jpeg?q=70
"POCO C71 (Power Black, 64 GB)","₹6,199",3.9,https://rukminim2.flixcart.com/image/312/312/xif0q/mobile/7/z/w/-original-imahawgahmkbjxyj.jpeg?q=70
"realme P4 Pro 5G (Birch Wood, 128 GB)","₹22,999",4.4,https://rukminim2.flixcart.com/image/312/312/xif0q/mobile/q/b/o/-original-imahfghxxmadhjm4.jpeg?q=70
"Samsung Galaxy A35 5G (Awesome Navy, 256 GB)","₹19,999",4.4,https://rukminim2.flixcart.com/image/312/312/xif0q/mobile/0/7/s/-original-imahgy26hqbqjfgb.jpeg?q=70
"POCO M7 Plus 5G (Carbon Black, 128 GB)","₹11,999",4.3,https://rukminim2.flixcart.com/image/312/312/xif0q/mobile/i/t/s/-original-imahf728ffwf54gs.jpeg?q=70
itel it2165s,₹979,4.1,https://rukminim2.flixcart.com/image/312/312/xif0q/mobile/a/q/z/it2165s-it2165s-itel-original-imah7k9zgbmnf3gr.jpeg?q=70
"Nothing Phone (3a) Pro (Black, 128 GB)","₹27,999",4.5,https://rukminim2.flixcart.com/image/312/312/xif0q/mobile/7/b/7/-original-imahcfcfhkzhngeb.jpeg?q=70
"Nothing Phone (3a) Pro (Grey, 128 GB)","₹27,999",4.5,https://rukminim2.flixcart.com/image/312/312/xif0q/mobile/c/u/k/-original-imahcfcfbwzmrecy.jpeg?q=70
"Samsung Galaxy A35 5G (Awesome Iceblue, 128 GB)","₹17,999",4.4,https://rukminim2.flixcart.com/image/312/312/xif0q/mobile/o/j/d/-original-imahgy25zuwqzzye.jpeg?q=70
"Samsung Galaxy A35 5G (Awesome Navy, 128 GB)","₹17,999",4.4,https://rukminim2.flixcart.com/image/312/312/xif0q/mobile/0/7/s/-original-imahgy26hqbqjfgb.jpeg?q=70
"Nothing Phone (3a) Pro (Black, 256 GB)","₹31,999",4.5,https://rukminim2.flixcart.com/image/312/312/xif0q/mobile/7/b/7/-original-imahcfcfhkzhngeb.jpeg?q=70
"REDMI 13 5G (Hawaiian Blue, 128 GB)","₹12,299",4.3,https://rukminim2.flixcart.com/image/312/312/xif0q/mobile/2/t/7/13-5g-2406ern9ci-redmi-original-imah3gnsfhkrweza.jpeg?q=70
"Samsung Galaxy A35 5G (Awesome Lilac, 256 GB)","₹19,999",4.4,https://rukminim2.flixcart.com/image/312/312/xif0q/mobile/2/s/8/-original-imahgy26fu3z2hez.jpeg?q=70
"POCO X7 Pro 5G (Yellow, 256 GB)","₹20,999",4.3,https://rukminim2.flixcart.com/image/312/312/xif0q/mobile/m/l/q/-original-imahe3952pkacby5.jpeg?q=70
"REDMI 14C 5G (Stargaze Black, 128 GB)","₹10,317",4.2,https://rukminim2.flixcart.com/image/312/312/xif0q/mobile/v/i/d/-original-imah88yjgyxbmvbf.jpeg?q=70
"OPPO A3x 5G (Starry Purple, 128 GB)","₹10,399",4.2,https://rukminim2.flixcart.com/image/312/312/xif0q/mobile/s/p/d/-original-imah4d9fxk3dbhgz.jpeg?q=70
"vivo Y19e (Titanium Silver, 64 GB)","₹7,999",4.3,https://rukminim2.flixcart.com/image/312/312/xif0q/mobile/w/7/q/-original-imahaeeb5be43z2h.jpeg?q=70
"Motorola Edge 50 Fusion (Forest Blue, 256 GB)","₹20,999",4.4,https://rukminim2.flixcart.com/image/312/312/xif0q/mobile/g/w/r/edge-50-fusion-pb300000in-motorola-original-imahywzztyktktpp.jpeg?q=70
"Samsung Galaxy A35 5G (Awesome Iceblue, 256 GB)","₹19,999",4.4,https://rukminim2.flixcart.com/image/312/312/xif0q/mobile/o/j/d/-original-imahgy25zuwqzzye.jpeg?q=70
"Samsung Galaxy A35 5G (Awesome Lilac, 128 GB)","₹17,999",4.4,https://rukminim2.flixcart.com/image/312/312/xif0q/mobile/2/s/8/-original-imahgy26fu3z2hez.jpeg?q=70
"realme P4 Pro 5G (Birch Wood, 256 GB)","₹26,999",4.4,https://rukminim2.flixcart.com/image/312/312/xif0q/mobile/q/b/o/-original-imahfghxxmadhjm4.jpeg?q=70
"IQOO Neo 10 (Titanium Chrome, 128 GB)","₹31,614",4.6,https://rukminim2.flixcart.com/image/312/312/xif0q/mobile/h/1/p/neo-10-i2405-iqoo-original-imahcgtyezjzzest.jpeg?q=70
"realme P4 Pro 5G (Birch Wood, 128 GB)","₹22,999",4.4,https://rukminim2.flixcart.com/image/312/312/xif0q/mobile/q/b/o/-original-imahfghxxmadhjm4.jpeg?q=70
"Samsung Galaxy A35 5G (Awesome Navy, 256 GB)","₹19,999",4.4,https://rukminim2.flixcart.com/image/312/312/xif0q/mobile/0/7/s/-original-imahgy26hqbqjfgb.jpeg?q=70
"Google Pixel 9 (Porcelain, 256 GB)","₹54,999",4.6,https://rukminim2.flixcart.com/image/312/312/xif0q/mobile/p/e/9/-original-imahggetcvtxauft.jpeg?q=70
"OnePlus 13R 5G (Nebula Noir, 256 GB)","₹37,755",4.5,https://rukminim2.flixcart.com/image/312/312/xif0q/mobile/z/1/5/-original-imah8vc2a8dg7xea.jpeg?q=70
"OPPO A3x 5G (Starry Purple, 64 GB)","₹11,990",4.2,https://rukminim2.flixcart.com/image/312/312/xif0q/mobile/s/p/d/-original-imah4d9fxk3dbhgz.jpeg?q=70
itel Ace2 Power,"₹1,149",4.1,https://rukminim2.flixcart.com/image/312/312/xif0q/mobile/n/e/m/ace2-power-ace2p-itel-original-imahfs2pvazzcgfv.jpeg?q=70
"Samsung Galaxy A35 5G (Awesome Iceblue, 128 GB)","₹17,999",4.4,https://rukminim2.flixcart.com/image/312/312/xif0q/mobile/o/j/d/-original-imahgy25zuwqzzye.jpeg?q=70
"Samsung Galaxy A35 5G (Awesome Navy, 128 GB)","₹17,999",4.4,https://rukminim2.flixcart.com/image/312/312/xif0q/mobile/0/7/s/-original-imahgy26hqbqjfgb.jpeg?q=70
itel Ace2 Power,"₹1,149",4.1,https://rukminim2.flixcart.com/image/312/312/xif0q/mobile/l/u/c/ace2-power-ace2p-itel-original-imahfs2tkq3b9jhu.jpeg?q=70
"Nothing Phone (3a) Pro (Grey, 256 GB)","₹31,999",4.5,https://rukminim2.flixcart.com/image/312/312/xif0q/mobile/c/u/k/-original-imahcfcfbwzmrecy.jpeg?q=70
"Samsung Galaxy A35 5G (Awesome Lilac, 256 GB)","₹19,999",4.4,https://rukminim2.flixcart.com/image/312/312/xif0q/mobile/2/s/8/-original-imahgy26fu3z2hez.jpeg?q=70
"REDMI 13 5G (Orchid Pink, 128 GB)","₹12,645",4.2,https://rukminim2.flixcart.com/image/312/312/xif0q/mobile/n/u/z/13-5g-2406ern9ci-redmi-original-imah4ff4gsfdtkgz.jpeg?q=70
"Motorola G85 5G (Cobalt Blue, 128 GB)","₹15,999",4.4,https://rukminim2.flixcart.com/image/312/312/xif0q/mobile/9/t/4/-original-imahgqnzvvsctmwr.jpeg?q=70
"REDMI 13 5G (Black Diamond, 128 GB)","₹12,800",4.3,https://rukminim2.flixcart.com/image/312/312/xif0q/mobile/p/s/y/13-5g-2406ern9ci-redmi-original-imah3gnqmhyrh96p.jpeg?q=70
itel Ace2 Power,"₹1,149",4.1,https://rukminim2.flixcart.com/image/312/312/xif0q/mobile/v/j/d/ace2-power-ace2p-itel-original-imah8hawvqkbsusm.jpeg?q=70
"Alcatel V3 Classic 5G (Halo White, 128 GB)","₹10,999",4.9,https://rukminim2.flixcart.com/image/312/312/xif0q/mobile/g/a/0/-original-imahcgkyy8qqgx6x.jpeg?q=70
"OnePlus Nord 5 (Phantom Grey, 256 GB)","₹31,765",4.4,https://rukminim2.flixcart.com/image/312/312/xif0q/mobile/w/v/6/nord-5-cph2707-oneplus-original-imahe6runxfkugaw.jpeg?q=70
"Moto g06 power (Laurel Oak, 64 GB)","₹7,499",4.4,https://rukminim2.flixcart.com/image/312/312/xif0q/mobile/9/c/g/-original-imahgctgvra6qqwq.jpeg?q=70
"Google Pixel 9 (Obsidian, 256 GB)","₹54,999",4.6,https://rukminim2.flixcart.com/image/312/312/xif0q/mobile/j/6/3/-original-imahggetygvyddvh.jpeg?q=70
"IQOO Neo 10R 5G (Raging Blue, 256 GB)","₹26,599",4.5,https://rukminim2.flixcart.com/image/312/312/xif0q/mobile/h/c/q/10r-5g-i2221-iqoo-original-imaha7hgyebd7guj.jpeg?q=70
"Samsung Galaxy A35 5G (Awesome Iceblue, 256 GB)","₹19,999",4.4,https://rukminim2.flixcart.com/image/312/312/xif0q/mobile/o/j/d/-original-imahgy25zuwqzzye.jpeg?q=70
"Samsung Galaxy A35 5G (Awesome Lilac, 128 GB)","₹17,999",4.4,https://rukminim2.flixcart.com/image/312/312/xif0q/mobile/2/s/8/-original-imahgy26fu3z2hez.jpeg?q=70
"POCO M6 Plus 5G (Graphite Black, 128 GB)","₹10,550",4.2,https://rukminim2.flixcart.com/image/312/312/xif0q/mobile/i/w/k/-original-imah3afnzmgfjnrf.jpeg?q=70
"IQOO Neo 10 (Titanium Chrome, 256 GB)","₹32,766",4.6,https://rukminim2.flixcart.com/image/312/312/xif0q/mobile/h/1/p/neo-10-i2405-iqoo-original-imahcgtyezjzzest.jpeg?q=70
"vivo T4 Pro 5G (Nitro Blue, 128 GB)","₹27,999",4.5,https://rukminim2.flixcart.com/image/312/312/xif0q/mobile/y/w/w/-original-imahfkvf9ngfahpg.jpeg?q=70
"REDMI 13 5G (Black Diamond, 128 GB)","₹12,234",4.2,https://rukminim2.flixcart.com/image/312/312/xif0q/mobile/j/d/8/13-5g-2406ern9ci-redmi-original-imah3ppqjufen2j7.jpeg?q=70
"realme P4 Pro 5G (Birch Wood, 128 GB)","₹22,999",4.4,https://rukminim2.flixcart.com/image/312/312/xif0q/mobile/q/b/o/-original-imahfghxxmadhjm4.jpeg?q=70
"Samsung Galaxy A35 5G (Awesome Navy, 256 GB)","₹19,999",4.4,https://rukminim2.flixcart.com/image/312/312/xif0q/mobile/0/7/s/-original-imahgy26hqbqjfgb.jpeg?q=70
"REDMI 14C 5G (Stardust Purple, 128 GB)","₹9,590",4.2,https://rukminim2.flixcart.com/image/312/312/xif0q/mobile/p/e/f/-original-imah88yjuygffthk.jpeg?q=70
Kechaoda A27,₹874,4,https://rukminim2.flixcart.com/image/312/312/k73nlow0/mobile/w/w/k/kechaoda-a27-a27-original-imafpf9kqjtfpbph.jpeg?q=70
"Samsung Galaxy A35 5G (Awesome Iceblue, 128 GB)","₹17,999",4.4,https://rukminim2.flixcart.com/image/312/312/xif0q/mobile/o/j/d/-original-imahgy25zuwqzzye.jpeg?q=70
"Samsung Galaxy A35 5G (Awesome Navy, 128 GB)","₹17,999",4.4,https://rukminim2.flixcart.com/image/312/312/xif0q/mobile/0/7/s/-original-imahgy26hqbqjfgb.jpeg?q=70
"Samsung Galaxy A16 5G (Blue Black, 128 GB)","₹14,330",4.2,https://rukminim2.flixcart.com/image/312/312/xif0q/mobile/z/y/b/-original-imah5zf6jbfny5vk.jpeg?q=70
"POCO F6 5G (Deadpool, 256 GB)","₹23,999",4.3,https://rukminim2.flixcart.com/image/312/312/xif0q/mobile/3/u/t/-original-imah34xawzqxahyr.jpeg?q=70
"Samsung Galaxy F36 5G (Red, 128 GB)","₹13,999",4.3,https://rukminim2.flixcart.com/image/312/312/xif0q/mobile/y/4/3/-original-imahgynngheku3mz.jpeg?q=70
"Apple iPhone 17 (Mist Blue, 256 GB)","₹82,900",4.7,https://rukminim2.flixcart.com/image/312/312/xif0q/mobile/p/x/y/-original-imahft5gkyd8wcqc.jpeg?q=70
"Samsung Galaxy A35 5G (Awesome Lilac, 256 GB)","₹19,999",4.4,https://rukminim2.flixcart.com/image/312/312/xif0q/mobile/2/s/8/-original-imahgy26fu3z2hez.jpeg?q=70
Kechaoda A26,₹889,4,https://rukminim2.flixcart.com/image/312/312/k2w6xe80/mobile/e/b/n/kechaoda-a26-a26-original-imafm57vj5spyz2s.jpeg?q=70
"Samsung Galaxy S24 Ultra 5G (Titanium Black, 256 GB)","₹79,970",4.6,https://rukminim2.flixcart.com/image/312/312/xif0q/mobile/y/s/g/-original-imahgfmy2zgqvjmy.jpeg?q=70
"IQOO Z10R 5G (Moonstone, 256 GB)","₹20,463",4.3,https://rukminim2.flixcart.com/image/312/312/xif0q/mobile/l/x/b/z10r-5g-i2410-iqoo-original-imahehzhggkg3p5j.jpeg?q=70
itel it2165s,₹879,4.1,https://rukminim2.flixcart.com/image/312/312/xif0q/mobile/i/b/o/it2165s-it2165s-itel-original-imaha2u9hzuwxwxd.jpeg?q=70
"realme Narzo 80 Lite 5G (Onyx Black, 128 GB)","₹10,512",4.3,https://rukminim2.flixcart.com/image/312/312/xif0q/mobile/1/e/1/narzo-80-lite-5g-rmx3933-realme-original-imahdeywdbwg7ktq.jpeg?q=70
"Apple iPhone 17 (Sage, 256 GB)","₹82,900",4.7,https://rukminim2.flixcart.com/image/312/312/xif0q/mobile/n/v/e/-original-imahft5gfchxyewy.jpeg?q=70
LAVA Hero Shakti 2025|1.8 inch Big Display|Auto Call Recording|(with Vibration Alert),₹917,4.1,https://rukminim2.flixcart.com/image/312/312/xif0q/mobile/a/3/c/hero-shakti-2025-1-8-inch-big-display-auto-call-recording-with-original-imahgr9yh9h2hsfj.jpeg?q=70
"POCO M7 5G (Ocean Blue, 128 GB)","₹9,499",4.2,https://rukminim2.flixcart.com/image/312/312/xif0q/mobile/2/y/v/-original-imahgwaezezfptkz.jpeg?q=70
"LAVA A3 Torch DS Keypad Phone|1750mAh Big Battery|1.8"" Large Display|Quad Strip Torch","₹1,319",4.1,https://rukminim2.flixcart.com/image/312/312/xif0q/mobile/r/c/p/a3-torch-ds-keypad-phone-1750mah-big-battery-1-8-large-display-original-imahgb6mgfvh7yyg.jpeg?q=70
"Samsung Galaxy A35 5G (Awesome Iceblue, 256 GB)","₹19,999",4.4,https://rukminim2.flixcart.com/image/312/312/xif0q/mobile/o/j/d/-original-imahgy25zuwqzzye.jpeg?q=70
"Samsung Galaxy A35 5G (Awesome Lilac, 128 GB)","₹17,999",4.4,https://rukminim2.flixcart.com/image/312/312/xif0q/mobile/2/s/8/-original-imahgy26fu3z2hez.jpeg?q=70
"realme 15x 5G (Maroon Red, 128 GB)","₹16,999",4.3,https://rukminim2.flixcart.com/image/312/312/xif0q/mobile/a/y/w/-original-imahg8hanw3krgtv.jpeg?q=70
"Infinix Note 50x 5G+ 45W Charger In the Box & AI (Enchanted Purple, 128 GB)","₹12,999",4.3,https://rukminim2.flixcart.com/image/312/312/xif0q/mobile/j/p/h/-original-imahdg5wz4pg5dzs.jpeg?q=70
"realme P4 Pro 5G (Birch Wood, 128 GB)","₹22,999",4.4,https://rukminim2.flixcart.com/image/312/312/xif0q/mobile/q/b/o/-original-imahfghxxmadhjm4.jpeg?q=70
"Samsung Galaxy A35 5G (Awesome Navy, 256 GB)","₹19,999",4.4,https://rukminim2.flixcart.com/image/312/312/xif0q/mobile/0/7/s/-original-imahgy26hqbqjfgb.jpeg?q=70
"Infinix Note 50x 5G+ 45W Charger In the Box & AI (Sea Breeze Green, 128 GB)","₹12,999",4.3,https://rukminim2.flixcart.com/image/312/312/xif0q/mobile/u/d/3/-original-imahfsa4zkewbych.jpeg?q=70
"Infinix Note 50x 5G+ 45W Charger In the Box & AI (Sunset Spice Pink, 128 GB)","₹11,499",4.3,https://rukminim2.flixcart.com/image/312/312/xif0q/mobile/a/f/x/-original-imahdsksxpzhxg52.jpeg?q=70
"vivo T4 Pro 5G (Nitro Blue, 256 GB)","₹29,999",4.5,https://rukminim2.flixcart.com/image/312/312/xif0q/mobile/y/w/w/-original-imahfkvf9ngfahpg.jpeg?q=70
"REDMI 14C 5G (Starlight Blue, 64 GB)","₹9,499",4.2,https://rukminim2.flixcart.com/image/312/312/xif0q/mobile/o/r/i/-original-imah88yj7ba9ghpg.jpeg?q=70
"Samsung Galaxy A35 5G (Awesome Iceblue, 128 GB)","₹17,999",4.4,https://rukminim2.flixcart.com/image/312/312/xif0q/mobile/o/j/d/-original-imahgy25zuwqzzye.jpeg?q=70
"Samsung Galaxy A35 5G (Awesome Navy, 128 GB)","₹17,999",4.4,https://rukminim2.flixcart.com/image/312/312/xif0q/mobile/0/7/s/-original-imahgy26hqbqjfgb.jpeg?q=70
"IQOO Neo 10R 5G (MoonKnight Titanium, 256 GB)","₹28,191",4.5,https://rukminim2.flixcart.com/image/312/312/xif0q/mobile/y/q/z/10r-5g-i2221-iqoo-original-imaha7hgqdhpgqvv.jpeg?q=70
"POCO M7 Pro 5G (Olive Twilight, 256 GB)","₹13,499",4.2,https://rukminim2.flixcart.com/image/312/312/xif0q/mobile/p/f/d/-original-imah7jsp9uzpjkyc.jpeg?q=70
"Samsung Galaxy A35 5G (Awesome Lilac, 256 GB)","₹19,999",4.4,https://rukminim2.flixcart.com/image/312/312/xif0q/mobile/2/s/8/-original-imahgy26fu3z2hez.jpeg?q=70
"POCO X7 Pro 5G (Nebula Green, 256 GB)","₹22,999",4.4,https://rukminim2.flixcart.com/image/312/312/xif0q/mobile/v/y/j/-original-imahe395ksjsqk4n.jpeg?q=70
FONEME Mini 10,₹790,3.7,https://rukminim2.flixcart.com/image/312/312/xif0q/mobile/x/p/1/mini-10-mini-10-foneme-original-imah9msjfgyvsqhx.jpeg?q=70
"Samsung Galaxy S24 Ultra 5G (Titanium Black, 256 GB)","₹80,969",4.6,https://rukminim2.flixcart.com/image/312/312/xif0q/mobile/y/s/g/-original-imahgfmy2zgqvjmy.jpeg?q=70
"Samsung M06 5G (Blazing Black, 128 GB)","₹9,499",4,https://rukminim2.flixcart.com/image/312/312/xif0q/mobile/h/y/x/-original-imaha58mehzvmk9w.jpeg?q=70
"OPPO A3x 5G (Starlight White, 128 GB)","₹10,995",4.2,https://rukminim2.flixcart.com/image/312/312/xif0q/mobile/x/a/7/-original-imah4d9fvghbutvh.jpeg?q=70
"REDMI 15 5G (Frosted White, 256 GB)","₹16,998",4.2,https://rukminim2.flixcart.com/image/312/312/xif0q/mobile/r/6/w/15-5g-25057rn09i-redmi-original-imahfh942dqrgum6.jpeg?q=70
itel it2165s,₹979,4.1,https://rukminim2.flixcart.com/image/312/312/xif0q/mobile/9/j/g/it2165s-it2165s-itel-original-imahagd7fgbwxfzf.jpeg?q=70
"IQOO Neo 10 (Inferno Red, 256 GB)","₹35,947",4.5,https://rukminim2.flixcart.com/image/312/312/xif0q/mobile/v/u/r/-original-imahdjguzr36zcbq.jpeg?q=70
"REDMI Note 14 5G (Ivy Green, 256 GB)","₹18,389",4.2,https://rukminim2.flixcart.com/image/312/312/xif0q/mobile/c/b/f/note-14-5g-24094rad4i-mzb0i1pin-redmi-original-imah9fkehgzthjpd.jpeg?q=70
"Samsung Galaxy A35 5G (Awesome Iceblue, 256 GB)","₹19,999",4.4,https://rukminim2.flixcart.com/image/312/312/xif0q/mobile/o/j/d/-original-imahgy25zuwqzzye.jpeg?q=70
"Samsung Galaxy A35 5G (Awesome Lilac, 128 GB)","₹17,999",4.4,https://rukminim2.flixcart.com/image/312/312/xif0q/mobile/2/s/8/-original-imahgy26fu3z2hez.jpeg?q=70
"POCO X7 5G (Glacier Green, 128 GB)","₹13,999",4.3,https://rukminim2.flixcart.com/image/312/312/xif0q/mobile/h/o/t/-original-imahbzrqbwfqhseh.jpeg?q=70
"Infinix Note 50x 5G+ 45W Charger In the Box & AI (Sea Breeze Green, 128 GB)","₹11,499",4.3,https://rukminim2.flixcart.com/image/312/312/xif0q/mobile/u/d/3/-original-imahfsa4zkewbych.jpeg?q=70
"vivo T4 Pro 5G (Blaze Gold, 256 GB)","₹31,999",4.5,https://rukminim2.flixcart.com/image/312/312/xif0q/mobile/4/c/b/-original-imahfkvezr4fcets.jpeg?q=70
"Samsung Galaxy A06 5G (Light Green, 128 GB)","₹10,100",4.1,https://rukminim2.flixcart.com/image/312/312/xif0q/mobile/c/f/2/galaxy-a06-5g-sm-a066blgdins-samsung-original-imaha5am89gn8y6z.jpeg?q=70
"realme P4 Pro 5G (Birch Wood, 128 GB)","₹22,999",4.4,https://rukminim2.flixcart.com/image/312/312/xif0q/mobile/q/b/o/-original-imahfghxxmadhjm4.jpeg?q=70
"Samsung Galaxy A35 5G (Awesome Navy, 256 GB)","₹19,999",4.4,https://rukminim2.flixcart.com/image/312/312/xif0q/mobile/0/7/s/-original-imahgy26hqbqjfgb.jpeg?q=70
KARBONN K9,"₹1,347",4.1,https://rukminim2.flixcart.com/image/312/312/xif0q/mobile/h/a/t/k9-na-karbonn-original-imahedguwrya3xzw.jpeg?q=70
hmd 105 Dual Sim,₹768,3.9,https://rukminim2.flixcart.com/image/312/312/xif0q/mobile/9/p/x/105-dual-sim-ta-1633-hmd-original-imaheff5a6gbjuhr.jpeg?q=70
"Samsung Galaxy A35 5G (Awesome Iceblue, 128 GB)","₹17,999",4.4,https://rukminim2.flixcart.com/image/312/312/xif0q/mobile/o/j/d/-original-imahgy25zuwqzzye.jpeg?q=70
"Samsung Galaxy A35 5G (Awesome Navy, 128 GB)","₹17,999",4.4,https://rukminim2.flixcart.com/image/312/312/xif0q/mobile/0/7/s/-original-imahgy26hqbqjfgb.jpeg?q=70
"Apple iPhone 17 Pro (Silver, 256 GB)","₹1,34,900",4.8,https://rukminim2.flixcart.com/image/312/312/xif0q/mobile/b/j/o/-original-imahft5nm9eewyzh.jpeg?q=70
"REDMI 15 5G (Midnight Black, 128 GB)","₹14,425",4.3,https://rukminim2.flixcart.com/image/312/312/xif0q/mobile/m/o/d/15-5g-redmi-15-5g-redmi-original-imahfgbgx6xvdhpq.jpeg?q=70
"Samsung M36 5G (Light Green, 128 GB)","₹14,499",4.2,https://rukminim2.flixcart.com/image/312/312/xif0q/mobile/k/2/t/m36-5g-sm-m366b-samsung-original-imahe5prkfcg8wrx.jpeg?q=70
"Nokia 106 4G Keypad Mobile, Long-Lasting Battery, MicroSD Card Slot","₹2,609",3.9,https://rukminim2.flixcart.com/image/312/312/xif0q/mobile/m/x/b/106-4g-keypad-mobile-long-lasting-battery-microsd-card-slot-ta-original-imah45y7jzc7qqgk.jpeg?q=70
"Samsung Galaxy A35 5G (Awesome Lilac, 256 GB)","₹19,999",4.4,https://rukminim2.flixcart.com/image/312/312/xif0q/mobile/2/s/8/-original-imahgy26fu3z2hez.jpeg?q=70
hmd 105 Dual Sim,₹764,3.9,https://rukminim2.flixcart.com/image/312/312/xif0q/mobile/7/0/l/105-dual-sim-ta-1633-hmd-original-imaheff5hyzhhtrp.jpeg?q=70
hmd 105 Dual Sim,₹769,3.9,https://rukminim2.flixcart.com/image/312/312/xif0q/mobile/v/s/e/105-dual-sim-ta-1633-hmd-original-imahfhedvguzayjq.jpeg?q=70
"OnePlus Nord CE5 5G (Black Infinity, 256 GB)","₹26,331",4.5,https://rukminim2.flixcart.com/image/312/312/xif0q/mobile/d/n/u/nord-ce5-5g-cph2717-oneplus-original-imaheywzahvkwqkh.jpeg?q=70
"REDMI 15 5G (Frosted White, 128 GB)","₹14,150",4.3,https://rukminim2.flixcart.com/image/312/312/xif0q/mobile/r/6/w/15-5g-25057rn09i-redmi-original-imahfh942dqrgum6.jpeg?q=70
"REDMI 15 5G (Sandy Purple, 128 GB)","₹14,180",4.3,https://rukminim2.flixcart.com/image/312/312/xif0q/mobile/b/w/i/15-5g-25057rn09i-redmi-original-imahfh95y8wbzgxf.jpeg?q=70
"OnePlus Nord CE5 5G (Black Infinity, 128 GB)","₹24,030",4.5,https://rukminim2.flixcart.com/image/312/312/xif0q/mobile/d/n/u/nord-ce5-5g-cph2717-oneplus-original-imaheywzahvkwqkh.jpeg?q=70
"OnePlus Nord 5 5G (Phantom Grey, 256 GB)","₹34,946",4.5,https://rukminim2.flixcart.com/image/312/312/xif0q/mobile/x/5/u/nord-5-5g-cph2079-oneplus-original-imahdvhg4cty3nkd.jpeg?q=70
"vivo Y19e (Majestic Green, 64 GB)","₹7,999",4.3,https://rukminim2.flixcart.com/image/312/312/xif0q/mobile/k/m/9/y19e-v2431-vivo-original-imahaeeyb2fshpy7.jpeg?q=70
"Samsung Galaxy F36 5G (Violet, 128 GB)","₹13,999",4.3,https://rukminim2.flixcart.com/image/312/312/xif0q/mobile/c/w/g/-original-imahgynnesp6jrxa.jpeg?q=70
"Samsung Galaxy A35 5G (Awesome Iceblue, 256 GB)","₹19,999",4.4,https://rukminim2.flixcart.com/image/312/312/xif0q/mobile/o/j/d/-original-imahgy25zuwqzzye.jpeg?q=70
"Samsung Galaxy A35 5G (Awesome Lilac, 128 GB)","₹17,999",4.4,https://rukminim2.flixcart.com/image/312/312/xif0q/mobile/2/s/8/-original-imahgy26fu3z2hez.jpeg?q=70
"realme 15T 5G (Silk Blue, 128 GB)","₹20,999",4.3,https://rukminim2.flixcart.com/image/312/312/xif0q/mobile/p/6/5/-original-imahfkfyshxg28wu.jpeg?q=70
"realme 15 5G (Silk Pink, 256 GB)","₹27,999",4.4,https://rukminim2.flixcart.com/image/312/312/xif0q/mobile/y/m/o/-original-imahekyxgkvxb7a3.jpeg?q=70
"realme P4 Pro 5G (Birch Wood, 128 GB)","₹22,999",4.4,https://rukminim2.flixcart.com/image/312/312/xif0q/mobile/q/b/o/-original-imahfghxxmadhjm4.jpeg?q=70
"Samsung Galaxy A35 5G (Awesome Navy, 256 GB)","₹19,999",4.4,https://rukminim2.flixcart.com/image/312/312/xif0q/mobile/0/7/s/-original-imahgy26hqbqjfgb.jpeg?q=70
"realme 15T 5G (Flowing Silver, 128 GB)","₹20,999",4.3,https://rukminim2.flixcart.com/image/312/312/xif0q/mobile/o/l/s/-original-imahfkfyxwrz5z6x.jpeg?q=70
"realme 15T 5G (Suit Titanium, 256 GB)","₹22,999",4.3,https://rukminim2.flixcart.com/image/312/312/xif0q/mobile/o/e/w/-original-imahfkfyaytehgy7.jpeg?q=70
"OnePlus Nord CE4 (Celadon Marble, 256 GB)","₹25,400",4.4,https://rukminim2.flixcart.com/image/312/312/xif0q/mobile/c/7/i/nord-ce4-cph2613-oneplus-original-imah33naxscn6wgh.jpeg?q=70
"Ai+ Pulse (Green, 128 GB)","₹6,999",4,https://rukminim2.flixcart.com/image/312/312/xif0q/mobile/r/3/d/-original-imahea37xrfzhuty.jpeg?q=70
"Samsung Galaxy A35 5G (Awesome Iceblue, 128 GB)","₹17,999",4.4,https://rukminim2.flixcart.com/image/312/312/xif0q/mobile/o/j/d/-original-imahgy25zuwqzzye.jpeg?q=70
"Samsung Galaxy A35 5G (Awesome Navy, 128 GB)","₹17,999",4.4,https://rukminim2.flixcart.com/image/312/312/xif0q/mobile/0/7/s/-original-imahgy26hqbqjfgb.jpeg?q=70
"Infinix NOTE 50s 5G+ 45W Charger In the Box & AI (Mystic Plum, 128 GB)","₹14,999",4.4,https://rukminim2.flixcart.com/image/312/312/xif0q/mobile/t/k/9/-original-imahfdagwznwyjud.jpeg?q=70
"REDMI Note 14 5G (Mystique White, 128 GB)","₹15,239",4.2,https://rukminim2.flixcart.com/image/312/312/xif0q/mobile/3/d/b/-original-imah7gbg7ghbgxbn.jpeg?q=70
"Samsung Galaxy A35 5G (Awesome Lilac, 256 GB)","₹19,999",4.4,https://rukminim2.flixcart.com/image/312/312/xif0q/mobile/2/s/8/-original-imahgy26fu3z2hez.jpeg?q=70
"vivo T4 Pro 5G (Nitro Blue, 256 GB)","₹31,999",4.5,https://rukminim2.flixcart.com/image/312/312/xif0q/mobile/y/w/w/-original-imahfkvf9ngfahpg.jpeg?q=70
"Samsung Galaxy S25 5G (Icyblue, 256 GB)","₹74,999",4.6,https://rukminim2.flixcart.com/image/312/312/xif0q/mobile/s/k/z/-original-imahggexgfcf3hpf.jpeg?q=70
"OnePlus 13s 5G (Black Velvet, 256 GB)","₹50,190",4.5,https://rukminim2.flixcart.com/image/312/312/xif0q/mobile/o/w/g/13s-5g-cph2723-oneplus-original-imahdcx8qeywg3qg.jpeg?q=70
"POCO M7 Plus 5G (Chrome Silver, 128 GB)","₹12,999",4.2,https://rukminim2.flixcart.com/image/312/312/xif0q/mobile/n/f/x/-original-imahgwae44avqzng.jpeg?q=70
"OnePlus Nord 5 5G (Phantom Grey, 512 GB)","₹38,490",4.5,https://rukminim2.flixcart.com/image/312/312/xif0q/mobile/z/w/j/nord-5-5g-cph2079-oneplus-original-imahdvhg6vvczvbp.jpeg?q=70
"Samsung Galaxy A35 5G (Awesome Iceblue, 256 GB)","₹19,999",4.4,https://rukminim2.flixcart.com/image/312/312/xif0q/mobile/o/j/d/-original-imahgy25zuwqzzye.jpeg?q=70
"Samsung Galaxy A35 5G (Awesome Lilac, 128 GB)","₹17,999",4.4,https://rukminim2.flixcart.com/image/312/312/xif0q/mobile/2/s/8/-original-imahgy26fu3z2hez.jpeg?q=70
Kechaoda K115,₹975,4.1,https://rukminim2.flixcart.com/image/312/312/xif0q/mobile/v/5/p/k115-k115-kechaoda-original-imah3hb85xzrtjgb.jpeg?q=70
"Samsung M06 5G (Sage Green, 128 GB)","₹8,961",4,https://rukminim2.flixcart.com/image/312/312/xif0q/mobile/n/t/g/-original-imaha58mcdsfygaq.jpeg?q=70
"realme P4 Pro 5G (Birch Wood, 128 GB)","₹22,999",4.4,https://rukminim2.flixcart.com/image/312/312/xif0q/mobile/q/b/o/-original-imahfghxxmadhjm4.jpeg?q=70
"Samsung Galaxy A35 5G (Awesome Navy, 256 GB)","₹19,999",4.4,https://rukminim2.flixcart.com/image/312/312/xif0q/mobile/0/7/s/-original-imahgy26hqbqjfgb.jpeg?q=70
"POCO C71 (Desert Gold, 64 GB)","₹6,199",3.9,https://rukminim2.flixcart.com/image/312/312/xif0q/mobile/q/m/u/-original-imahgbazejg7ry6m.jpeg?q=70
"OnePlus Nord 5�5G (Marble Sands, 256 GB)","₹32,700",4.5,https://rukminim2.flixcart.com/image/312/312/xif0q/mobile/u/9/d/nord-5-5g-cph2079-oneplus-original-imahdvhgzbrut6qj.jpeg?q=70
"MOTOROLA Edge 60 Stylus (PANTONE Surf the Web, 256 GB)","₹19,999",4.3,https://rukminim2.flixcart.com/image/312/312/xif0q/mobile/k/w/8/-original-imahfvpcyp89mzb4.jpeg?q=70
"OnePlus Nord CE5 5G (Nexus Blue, 128 GB)","₹24,598",4.5,https://rukminim2.flixcart.com/image/312/312/xif0q/mobile/k/b/v/nord-ce5-5g-cph2717-oneplus-original-imaheywzcgshhdbv.jpeg?q=70
"Samsung Galaxy A35 5G (Awesome Iceblue, 128 GB)","₹17,999",4.4,https://rukminim2.flixcart.com/image/312/312/xif0q/mobile/o/j/d/-original-imahgy25zuwqzzye.jpeg?q=70
"Samsung Galaxy A35 5G (Awesome Navy, 128 GB)","₹17,999",4.4,https://rukminim2.flixcart.com/image/312/312/xif0q/mobile/0/7/s/-original-imahgy26hqbqjfgb.jpeg?q=70
"OnePlus Nord CE5 5G (Marble Mist, 256 GB)","₹25,999",4.5,https://rukminim2.flixcart.com/image/312/312/xif0q/mobile/t/j/g/nord-ce5-5g-cph2717-oneplus-original-imaheywzq8tha4az.jpeg?q=70
"OnePlus Nord CE5 5G (Marble Mist, 128 GB)","₹24,717",4.5,https://rukminim2.flixcart.com/image/312/312/xif0q/mobile/t/j/g/nord-ce5-5g-cph2717-oneplus-original-imaheywzq8tha4az.jpeg?q=70
"Samsung Galaxy A35 5G (Awesome Lilac, 256 GB)","₹19,999",4.4,https://rukminim2.flixcart.com/image/312/312/xif0q/mobile/2/s/8/-original-imahgy26fu3z2hez.jpeg?q=70
"Infinix Note 50x 5G+ 45W Charger In the Box & AI (Titanium Grey, 128 GB)","₹12,999",4.3,https://rukminim2.flixcart.com/image/312/312/xif0q/mobile/4/v/q/-original-imahfs9yfmyesgzr.jpeg?q=70
"LAVA Bold N1 Pro (Titanium Gold, 128 GB)","₹7,348",4,https://rukminim2.flixcart.com/image/312/312/xif0q/mobile/b/f/t/bold-n1-pro-bold-n1-pro-lava-original-imahcu4tgqm8gdhg.jpeg?q=70
"Apple iPhone 17 Pro (Cosmic Orange, 256 GB)","₹1,34,900",4.8,https://rukminim2.flixcart.com/image/312/312/xif0q/mobile/n/v/a/-original-imahft5nxmyqndhf.jpeg?q=70
"OPPO F27 Pro+ (Midnight Navy, 128 GB)","₹18,598",4.4,https://rukminim2.flixcart.com/image/312/312/xif0q/mobile/q/i/j/-original-imah4k2fteym4hhz.jpeg?q=70
"Samsung Galaxy F36 5G (Red, 256 GB)","₹17,499",4.2,https://rukminim2.flixcart.com/image/312/312/xif0q/mobile/3/3/m/-original-imahfusgku9zpw9e.jpeg?q=70
Kechaoda A26,₹899,4,https://rukminim2.flixcart.com/image/312/312/xif0q/mobile/f/l/6/a26-a26-kechaoda-original-imah5sskwbegyxg2.jpeg?q=70
LAVA A1 Josh 2024 | Auto Call Recording | Call Blink Notification,₹996,4.2,https://rukminim2.flixcart.com/image/312/312/xif0q/mobile/3/y/k/a1-josh-bol-lf1008-lava-original-imahbpr5tgtjbgvp.jpeg?q=70
Kechaoda K115,₹978,4.1,https://rukminim2.flixcart.com/image/312/312/kd69z0w0/mobile/g/c/y/kechaoda-k115-k115-original-imafu5a9j8fhzzpc.jpeg?q=70
"OnePlus Nord CE4 (Dark Chrome, 128 GB)","₹19,197",4.4,https://rukminim2.flixcart.com/image/312/312/xif0q/mobile/1/y/k/nord-ce4-cph2613-oneplus-original-imagzndegwfrwung.jpeg?q=70
